#kx	 ky	 value	 error
-3.141592653589793	 -3.141592653589793	 0.2828082668510529	 0.003941462450812705
-3.043417883165112	 -3.141592653589793	 0.2821525448269098	 0.00409447712207797
-2.945243112740431	 -3.141592653589793	 0.28178460219407886	 0.003927113376156368
-2.84706834231575	 -3.141592653589793	 0.27529355338948336	 0.003828215674154201
-2.748893571891069	 -3.141592653589793	 0.2726768657770325	 0.00388445985887121
-2.650718801466388	 -3.141592653589793	 0.26865101350158493	 0.0038094259989060555
-2.552544031041707	 -3.141592653589793	 0.2636438149931295	 0.003728960734836898
-2.454369260617026	 -3.141592653589793	 0.2548079140789094	 0.0037167879357893883
-2.356194490192345	 -3.141592653589793	 0.24756448995050023	 0.003564311183863925
-2.2580197197676637	 -3.141592653589793	 0.2493177991403835	 0.003554478386209765
-2.1598449493429825	 -3.141592653589793	 0.24528513235179183	 0.003351630815905127
-2.061670178918302	 -3.141592653589793	 0.2304686409664103	 0.0031600185749902504
-1.9634954084936207	 -3.141592653589793	 0.22083219961546233	 0.003048189403983417
-1.8653206380689396	 -3.141592653589793	 0.20951007383012704	 0.0028654803521028565
-1.7671458676442586	 -3.141592653589793	 0.19775887071331252	 0.0028188767767617544
-1.6689710972195777	 -3.141592653589793	 0.18344139591464653	 0.002603326744187039
-1.5707963267948966	 -3.141592653589793	 0.18056861774168687	 0.002629699921862002
-1.4726215563702154	 -3.141592653589793	 0.16006830976531727	 0.002361419030996748
-1.3744467859455345	 -3.141592653589793	 0.14271415941371102	 0.0019185832765180413
-1.2762720155208536	 -3.141592653589793	 0.13070618306721768	 0.0019061185914551638
-1.1780972450961724	 -3.141592653589793	 0.12042318319980237	 0.001737605214368019
-1.0799224746714913	 -3.141592653589793	 0.10306598914948123	 0.0015007723531368653
-0.9817477042468103	 -3.141592653589793	 0.08762053429885201	 0.001174294354686673
-0.8835729338221293	 -3.141592653589793	 0.0738878119748915	 0.0010745830063176012
-0.7853981633974483	 -3.141592653589793	 0.060800587310771585	 0.0008465723364916316
-0.6872233929727672	 -3.141592653589793	 0.04763715206701421	 0.0006656427574769989
-0.5890486225480862	 -3.141592653589793	 0.03594774656273183	 0.00048354875621164385
-0.4908738521234052	 -3.141592653589793	 0.02574321960173545	 0.00035919433064724506
-0.39269908169872414	 -3.141592653589793	 0.016672605748227817	 0.00023070782540333075
-0.2945243112740431	 -3.141592653589793	 0.009470753151953937	 0.00013214388166293996
-0.19634954084936207	 -3.141592653589793	 0.004369487085680041	 6.0514378522541636e-5
-0.09817477042468103	 -3.141592653589793	 0.0010801956063839755	 1.5151126304996375e-5
0.0	 -3.141592653589793	 7.645718636552061e-6	 1.2641572275164188e-7
0.09817477042468103	 -3.141592653589793	 0.0010801956063839755	 1.5151126304996375e-5
0.19634954084936207	 -3.141592653589793	 0.004369487085680041	 6.0514378522541636e-5
0.2945243112740431	 -3.141592653589793	 0.009470753151953937	 0.00013214388166293996
0.39269908169872414	 -3.141592653589793	 0.016672605748227817	 0.00023070782540333075
0.4908738521234052	 -3.141592653589793	 0.02574321960173545	 0.00035919433064724506
0.5890486225480862	 -3.141592653589793	 0.03594774656273183	 0.00048354875621164385
0.6872233929727672	 -3.141592653589793	 0.04763715206701421	 0.0006656427574769989
0.7853981633974483	 -3.141592653589793	 0.060800587310771585	 0.0008465723364916316
0.8835729338221293	 -3.141592653589793	 0.0738878119748915	 0.0010745830063176012
0.9817477042468103	 -3.141592653589793	 0.08762053429885201	 0.001174294354686673
1.0799224746714913	 -3.141592653589793	 0.10306598914948123	 0.0015007723531368653
1.1780972450961724	 -3.141592653589793	 0.12042318319980237	 0.001737605214368019
1.2762720155208536	 -3.141592653589793	 0.13070618306721768	 0.0019061185914551638
1.3744467859455345	 -3.141592653589793	 0.14271415941371102	 0.0019185832765180413
1.4726215563702154	 -3.141592653589793	 0.16006830976531727	 0.002361419030996748
1.5707963267948966	 -3.141592653589793	 0.18056861774168687	 0.002629699921862002
1.6689710972195777	 -3.141592653589793	 0.18344139591464653	 0.002603326744187039
1.7671458676442586	 -3.141592653589793	 0.19775887071331252	 0.0028188767767617544
1.8653206380689396	 -3.141592653589793	 0.20951007383012704	 0.0028654803521028565
1.9634954084936207	 -3.141592653589793	 0.22083219961546233	 0.003048189403983417
2.061670178918302	 -3.141592653589793	 0.2304686409664103	 0.0031600185749902504
2.1598449493429825	 -3.141592653589793	 0.24528513235179183	 0.003351630815905127
2.2580197197676637	 -3.141592653589793	 0.2493177991403835	 0.003554478386209765
2.356194490192345	 -3.141592653589793	 0.24756448995050023	 0.003564311183863925
2.454369260617026	 -3.141592653589793	 0.2548079140789094	 0.0037167879357893883
2.552544031041707	 -3.141592653589793	 0.2636438149931295	 0.003728960734836898
2.650718801466388	 -3.141592653589793	 0.26865101350158493	 0.0038094259989060555
2.748893571891069	 -3.141592653589793	 0.2726768657770325	 0.00388445985887121
2.84706834231575	 -3.141592653589793	 0.27529355338948336	 0.003828215674154201
2.945243112740431	 -3.141592653589793	 0.28178460219407886	 0.003927113376156368
3.043417883165112	 -3.141592653589793	 0.2821525448269098	 0.00409447712207797
3.141592653589793	 -3.141592653589793	 0.2828082668510529	 0.003941462450812705

-3.141592653589793	 -3.043417883165112	 0.27915284681829006	 0.0039318790153799466
-3.043417883165112	 -3.043417883165112	 0.2806261788535622	 0.003947421566634967
-2.945243112740431	 -3.043417883165112	 0.27745018360893137	 0.0039053683029431027
-2.84706834231575	 -3.043417883165112	 0.27030600243359	 0.0038924289608851404
-2.748893571891069	 -3.043417883165112	 0.27290162209040786	 0.0038595735923810273
-2.650718801466388	 -3.043417883165112	 0.2687434868355725	 0.0038205606436831395
-2.552544031041707	 -3.043417883165112	 0.267660410599978	 0.00376766226671491
-2.454369260617026	 -3.043417883165112	 0.26432716497477315	 0.003713417137987052
-2.356194490192345	 -3.043417883165112	 0.26385984759743764	 0.003738934433825864
-2.2580197197676637	 -3.043417883165112	 0.2515661979405117	 0.003506279630104745
-2.1598449493429825	 -3.043417883165112	 0.24354469529363562	 0.003459845005222923
-2.061670178918302	 -3.043417883165112	 0.22983646504850885	 0.0031928684146103276
-1.9634954084936207	 -3.043417883165112	 0.2200779999661539	 0.003103774858711398
-1.8653206380689396	 -3.043417883165112	 0.21329954388159403	 0.0029924782480826298
-1.7671458676442586	 -3.043417883165112	 0.2084125171528484	 0.002923756217150692
-1.6689710972195777	 -3.043417883165112	 0.19603779577344388	 0.0027393891285887725
-1.5707963267948966	 -3.043417883165112	 0.18067778393322995	 0.0026313726699165704
-1.4726215563702154	 -3.043417883165112	 0.16745456168395986	 0.00235315945540729
-1.3744467859455345	 -3.043417883165112	 0.15125479464122527	 0.002027979343829541
-1.2762720155208536	 -3.043417883165112	 0.13849553602978454	 0.0019108861302224273
-1.1780972450961724	 -3.043417883165112	 0.12169152065163955	 0.0016969456341531504
-1.0799224746714913	 -3.043417883165112	 0.10708490795267046	 0.0015081795548043204
-0.9817477042468103	 -3.043417883165112	 0.09114564520188458	 0.0012494655814715388
-0.8835729338221293	 -3.043417883165112	 0.07919535462808408	 0.0011076146599419462
-0.7853981633974483	 -3.043417883165112	 0.06397408343357827	 0.0008890784028955068
-0.6872233929727672	 -3.043417883165112	 0.05030228581631818	 0.0007217998092685565
-0.5890486225480862	 -3.043417883165112	 0.03778339673820072	 0.0005291093683036826
-0.4908738521234052	 -3.043417883165112	 0.027229823364819522	 0.00038744184031553697
-0.39269908169872414	 -3.043417883165112	 0.017538004687857076	 0.000246548557652504
-0.2945243112740431	 -3.043417883165112	 0.010127678088285503	 0.0001426463627949108
-0.19634954084936207	 -3.043417883165112	 0.004652261490076768	 6.301752770847738e-5
-0.09817477042468103	 -3.043417883165112	 0.0011319283154108608	 1.5577903484803627e-5
0.0	 -3.043417883165112	 8.054323320019601e-6	 1.3553303389883638e-7
0.09817477042468103	 -3.043417883165112	 0.0011319283154108608	 1.5577903484803627e-5
0.19634954084936207	 -3.043417883165112	 0.004652261490076768	 6.301752770847738e-5
0.2945243112740431	 -3.043417883165112	 0.010127678088285503	 0.0001426463627949108
0.39269908169872414	 -3.043417883165112	 0.017538004687857076	 0.000246548557652504
0.4908738521234052	 -3.043417883165112	 0.027229823364819522	 0.00038744184031553697
0.5890486225480862	 -3.043417883165112	 0.03778339673820072	 0.0005291093683036826
0.6872233929727672	 -3.043417883165112	 0.05030228581631818	 0.0007217998092685565
0.7853981633974483	 -3.043417883165112	 0.06397408343357827	 0.0008890784028955068
0.8835729338221293	 -3.043417883165112	 0.07919535462808408	 0.0011076146599419462
0.9817477042468103	 -3.043417883165112	 0.09114564520188458	 0.0012494655814715388
1.0799224746714913	 -3.043417883165112	 0.10708490795267046	 0.0015081795548043204
1.1780972450961724	 -3.043417883165112	 0.12169152065163955	 0.0016969456341531504
1.2762720155208536	 -3.043417883165112	 0.13849553602978454	 0.0019108861302224273
1.3744467859455345	 -3.043417883165112	 0.15125479464122527	 0.002027979343829541
1.4726215563702154	 -3.043417883165112	 0.16745456168395986	 0.00235315945540729
1.5707963267948966	 -3.043417883165112	 0.18067778393322995	 0.0026313726699165704
1.6689710972195777	 -3.043417883165112	 0.19603779577344388	 0.0027393891285887725
1.7671458676442586	 -3.043417883165112	 0.2084125171528484	 0.002923756217150692
1.8653206380689396	 -3.043417883165112	 0.21329954388159403	 0.0029924782480826298
1.9634954084936207	 -3.043417883165112	 0.2200779999661539	 0.003103774858711398
2.061670178918302	 -3.043417883165112	 0.22983646504850885	 0.0031928684146103276
2.1598449493429825	 -3.043417883165112	 0.24354469529363562	 0.003459845005222923
2.2580197197676637	 -3.043417883165112	 0.2515661979405117	 0.003506279630104745
2.356194490192345	 -3.043417883165112	 0.26385984759743764	 0.003738934433825864
2.454369260617026	 -3.043417883165112	 0.26432716497477315	 0.003713417137987052
2.552544031041707	 -3.043417883165112	 0.267660410599978	 0.00376766226671491
2.650718801466388	 -3.043417883165112	 0.2687434868355725	 0.0038205606436831395
2.748893571891069	 -3.043417883165112	 0.27290162209040786	 0.0038595735923810273
2.84706834231575	 -3.043417883165112	 0.27030600243359	 0.0038924289608851404
2.945243112740431	 -3.043417883165112	 0.27745018360893137	 0.0039053683029431027
3.043417883165112	 -3.043417883165112	 0.2806261788535622	 0.003947421566634967
3.141592653589793	 -3.043417883165112	 0.27915284681829006	 0.0039318790153799466

-3.141592653589793	 -2.945243112740431	 0.27358767871692175	 0.00375622661082019
-3.043417883165112	 -2.945243112740431	 0.2802181192753194	 0.003739294424068523
-2.945243112740431	 -2.945243112740431	 0.2796497347470117	 0.0039051126372932395
-2.84706834231575	 -2.945243112740431	 0.2775724056928103	 0.0037007594838956784
-2.748893571891069	 -2.945243112740431	 0.2770454370586708	 0.003797627228782023
-2.650718801466388	 -2.945243112740431	 0.2747572287669568	 0.003727153330033131
-2.552544031041707	 -2.945243112740431	 0.2737507714420445	 0.003833143605423753
-2.454369260617026	 -2.945243112740431	 0.26843723679522113	 0.0037872577935594374
-2.356194490192345	 -2.945243112740431	 0.2599362922532599	 0.003544596635471252
-2.2580197197676637	 -2.945243112740431	 0.2532530566515153	 0.003436282647681475
-2.1598449493429825	 -2.945243112740431	 0.24604882961542004	 0.0033915348031481767
-2.061670178918302	 -2.945243112740431	 0.2408447536795218	 0.0033038658243495036
-1.9634954084936207	 -2.945243112740431	 0.2364742133440577	 0.0032624353760199016
-1.8653206380689396	 -2.945243112740431	 0.22176156323570123	 0.003195003075501801
-1.7671458676442586	 -2.945243112740431	 0.2092533162544728	 0.0028485762958749944
-1.6689710972195777	 -2.945243112740431	 0.19854989290921402	 0.002828198019465822
-1.5707963267948966	 -2.945243112740431	 0.1877489059549583	 0.002643362704241914
-1.4726215563702154	 -2.945243112740431	 0.1751371920336725	 0.002430506623419425
-1.3744467859455345	 -2.945243112740431	 0.16123823671189105	 0.0022648017067055663
-1.2762720155208536	 -2.945243112740431	 0.14532949758133043	 0.00205914597211813
-1.1780972450961724	 -2.945243112740431	 0.12898406564537557	 0.0017574951257935667
-1.0799224746714913	 -2.945243112740431	 0.11292122976738239	 0.0016561632288565919
-0.9817477042468103	 -2.945243112740431	 0.09893667655071584	 0.0013703061297338029
-0.8835729338221293	 -2.945243112740431	 0.0824260589399036	 0.0011898114957051371
-0.7853981633974483	 -2.945243112740431	 0.0692408484977877	 0.000975899845070758
-0.6872233929727672	 -2.945243112740431	 0.05361330728701006	 0.0007593132068049953
-0.5890486225480862	 -2.945243112740431	 0.041215902115327004	 0.0005814083356424053
-0.4908738521234052	 -2.945243112740431	 0.02828084878025481	 0.0004052277331774026
-0.39269908169872414	 -2.945243112740431	 0.01895963475727114	 0.0002682551780293315
-0.2945243112740431	 -2.945243112740431	 0.01042502547879892	 0.0001403282437081705
-0.19634954084936207	 -2.945243112740431	 0.004870197645318028	 6.866542688252539e-5
-0.09817477042468103	 -2.945243112740431	 0.0012327715300374203	 1.6919054850716043e-5
0.0	 -2.945243112740431	 8.646677526396435e-6	 1.4023414974777794e-7
0.09817477042468103	 -2.945243112740431	 0.0012327715300374203	 1.6919054850716043e-5
0.19634954084936207	 -2.945243112740431	 0.004870197645318028	 6.866542688252539e-5
0.2945243112740431	 -2.945243112740431	 0.01042502547879892	 0.0001403282437081705
0.39269908169872414	 -2.945243112740431	 0.01895963475727114	 0.0002682551780293315
0.4908738521234052	 -2.945243112740431	 0.02828084878025481	 0.0004052277331774026
0.5890486225480862	 -2.945243112740431	 0.041215902115327004	 0.0005814083356424053
0.6872233929727672	 -2.945243112740431	 0.05361330728701006	 0.0007593132068049953
0.7853981633974483	 -2.945243112740431	 0.0692408484977877	 0.000975899845070758
0.8835729338221293	 -2.945243112740431	 0.0824260589399036	 0.0011898114957051371
0.9817477042468103	 -2.945243112740431	 0.09893667655071584	 0.0013703061297338029
1.0799224746714913	 -2.945243112740431	 0.11292122976738239	 0.0016561632288565919
1.1780972450961724	 -2.945243112740431	 0.12898406564537557	 0.0017574951257935667
1.2762720155208536	 -2.945243112740431	 0.14532949758133043	 0.00205914597211813
1.3744467859455345	 -2.945243112740431	 0.16123823671189105	 0.0022648017067055663
1.4726215563702154	 -2.945243112740431	 0.1751371920336725	 0.002430506623419425
1.5707963267948966	 -2.945243112740431	 0.1877489059549583	 0.002643362704241914
1.6689710972195777	 -2.945243112740431	 0.19854989290921402	 0.002828198019465822
1.7671458676442586	 -2.945243112740431	 0.2092533162544728	 0.0028485762958749944
1.8653206380689396	 -2.945243112740431	 0.22176156323570123	 0.003195003075501801
1.9634954084936207	 -2.945243112740431	 0.2364742133440577	 0.0032624353760199016
2.061670178918302	 -2.945243112740431	 0.2408447536795218	 0.0033038658243495036
2.1598449493429825	 -2.945243112740431	 0.24604882961542004	 0.0033915348031481767
2.2580197197676637	 -2.945243112740431	 0.2532530566515153	 0.003436282647681475
2.356194490192345	 -2.945243112740431	 0.2599362922532599	 0.003544596635471252
2.454369260617026	 -2.945243112740431	 0.26843723679522113	 0.0037872577935594374
2.552544031041707	 -2.945243112740431	 0.2737507714420445	 0.003833143605423753
2.650718801466388	 -2.945243112740431	 0.2747572287669568	 0.003727153330033131
2.748893571891069	 -2.945243112740431	 0.2770454370586708	 0.003797627228782023
2.84706834231575	 -2.945243112740431	 0.2775724056928103	 0.0037007594838956784
2.945243112740431	 -2.945243112740431	 0.2796497347470117	 0.0039051126372932395
3.043417883165112	 -2.945243112740431	 0.2802181192753194	 0.003739294424068523
3.141592653589793	 -2.945243112740431	 0.27358767871692175	 0.00375622661082019

-3.141592653589793	 -2.84706834231575	 0.2761909539751555	 0.0038153666275337456
-3.043417883165112	 -2.84706834231575	 0.27966222699733934	 0.003797746412568598
-2.945243112740431	 -2.84706834231575	 0.2694290206825832	 0.003826142763654634
-2.84706834231575	 -2.84706834231575	 0.27477271400586867	 0.0037762860355959283
-2.748893571891069	 -2.84706834231575	 0.28078578951908784	 0.0038169805412685788
-2.650718801466388	 -2.84706834231575	 0.27012875757288307	 0.0038090033532448254
-2.552544031041707	 -2.84706834231575	 0.2767637412281545	 0.00392618067449375
-2.454369260617026	 -2.84706834231575	 0.2673855999792291	 0.0038975166677374024
-2.356194490192345	 -2.84706834231575	 0.2670994853849236	 0.00367402237921156
-2.2580197197676637	 -2.84706834231575	 0.2681027720061565	 0.0036085035212307204
-2.1598449493429825	 -2.84706834231575	 0.2565389299049496	 0.003464733845293665
-2.061670178918302	 -2.84706834231575	 0.2443263219131211	 0.0034263865861832794
-1.9634954084936207	 -2.84706834231575	 0.24679066323661672	 0.00358092311127637
-1.8653206380689396	 -2.84706834231575	 0.23191984369268046	 0.0031570773148910597
-1.7671458676442586	 -2.84706834231575	 0.22328094692386186	 0.003138340195362615
-1.6689710972195777	 -2.84706834231575	 0.2099995384586744	 0.0028639708814449864
-1.5707963267948966	 -2.84706834231575	 0.19277155714250838	 0.0026173062686532375
-1.4726215563702154	 -2.84706834231575	 0.18299214444647013	 0.0025815778620394223
-1.3744467859455345	 -2.84706834231575	 0.16467789413694317	 0.0022666701118180437
-1.2762720155208536	 -2.84706834231575	 0.14855438181590194	 0.0021043393211521485
-1.1780972450961724	 -2.84706834231575	 0.13825497916721505	 0.0019674358084003606
-1.0799224746714913	 -2.84706834231575	 0.12014619811408556	 0.0017070917330203744
-0.9817477042468103	 -2.84706834231575	 0.10345096515229418	 0.0014070876676109936
-0.8835729338221293	 -2.84706834231575	 0.08913973394254601	 0.0012599948451325733
-0.7853981633974483	 -2.84706834231575	 0.07335698400079191	 0.001047296002972511
-0.6872233929727672	 -2.84706834231575	 0.05715702854331524	 0.000822659399768936
-0.5890486225480862	 -2.84706834231575	 0.04406372224983546	 0.0006321383383276925
-0.4908738521234052	 -2.84706834231575	 0.030350187735422036	 0.0004182586715533471
-0.39269908169872414	 -2.84706834231575	 0.020222796734538646	 0.0002807214119015047
-0.2945243112740431	 -2.84706834231575	 0.011591163864080914	 0.0001617539732075415
-0.19634954084936207	 -2.84706834231575	 0.005166756086536092	 7.030172477342991e-5
-0.09817477042468103	 -2.84706834231575	 0.0013336276595719658	 1.8215450781291032e-5
0.0	 -2.84706834231575	 9.134647465746168e-6	 1.5311674881941832e-7
0.09817477042468103	 -2.84706834231575	 0.0013336276595719658	 1.8215450781291032e-5
0.19634954084936207	 -2.84706834231575	 0.005166756086536092	 7.030172477342991e-5
0.2945243112740431	 -2.84706834231575	 0.011591163864080914	 0.0001617539732075415
0.39269908169872414	 -2.84706834231575	 0.020222796734538646	 0.0002807214119015047
0.4908738521234052	 -2.84706834231575	 0.030350187735422036	 0.0004182586715533471
0.5890486225480862	 -2.84706834231575	 0.04406372224983546	 0.0006321383383276925
0.6872233929727672	 -2.84706834231575	 0.05715702854331524	 0.000822659399768936
0.7853981633974483	 -2.84706834231575	 0.07335698400079191	 0.001047296002972511
0.8835729338221293	 -2.84706834231575	 0.08913973394254601	 0.0012599948451325733
0.9817477042468103	 -2.84706834231575	 0.10345096515229418	 0.0014070876676109936
1.0799224746714913	 -2.84706834231575	 0.12014619811408556	 0.0017070917330203744
1.1780972450961724	 -2.84706834231575	 0.13825497916721505	 0.0019674358084003606
1.2762720155208536	 -2.84706834231575	 0.14855438181590194	 0.0021043393211521485
1.3744467859455345	 -2.84706834231575	 0.16467789413694317	 0.0022666701118180437
1.4726215563702154	 -2.84706834231575	 0.18299214444647013	 0.0025815778620394223
1.5707963267948966	 -2.84706834231575	 0.19277155714250838	 0.0026173062686532375
1.6689710972195777	 -2.84706834231575	 0.2099995384586744	 0.0028639708814449864
1.7671458676442586	 -2.84706834231575	 0.22328094692386186	 0.003138340195362615
1.8653206380689396	 -2.84706834231575	 0.23191984369268046	 0.0031570773148910597
1.9634954084936207	 -2.84706834231575	 0.24679066323661672	 0.00358092311127637
2.061670178918302	 -2.84706834231575	 0.2443263219131211	 0.0034263865861832794
2.1598449493429825	 -2.84706834231575	 0.2565389299049496	 0.003464733845293665
2.2580197197676637	 -2.84706834231575	 0.2681027720061565	 0.0036085035212307204
2.356194490192345	 -2.84706834231575	 0.2670994853849236	 0.00367402237921156
2.454369260617026	 -2.84706834231575	 0.2673855999792291	 0.0038975166677374024
2.552544031041707	 -2.84706834231575	 0.2767637412281545	 0.00392618067449375
2.650718801466388	 -2.84706834231575	 0.27012875757288307	 0.0038090033532448254
2.748893571891069	 -2.84706834231575	 0.28078578951908784	 0.0038169805412685788
2.84706834231575	 -2.84706834231575	 0.27477271400586867	 0.0037762860355959283
2.945243112740431	 -2.84706834231575	 0.2694290206825832	 0.003826142763654634
3.043417883165112	 -2.84706834231575	 0.27966222699733934	 0.003797746412568598
3.141592653589793	 -2.84706834231575	 0.2761909539751555	 0.0038153666275337456

-3.141592653589793	 -2.748893571891069	 0.26866645948949086	 0.003836183168468634
-3.043417883165112	 -2.748893571891069	 0.2697568925017762	 0.0037844230167656035
-2.945243112740431	 -2.748893571891069	 0.27746423529111613	 0.003970498224697327
-2.84706834231575	 -2.748893571891069	 0.27257088744718994	 0.0037767664549430762
-2.748893571891069	 -2.748893571891069	 0.27775057428031924	 0.0038980343071246073
-2.650718801466388	 -2.748893571891069	 0.2730618385600342	 0.003868840157905964
-2.552544031041707	 -2.748893571891069	 0.27179190872572423	 0.0038221829955996174
-2.454369260617026	 -2.748893571891069	 0.2648422119574147	 0.003858097835102066
-2.356194490192345	 -2.748893571891069	 0.26139679396393634	 0.0035884640625839675
-2.2580197197676637	 -2.748893571891069	 0.25735187040964175	 0.0035241027988215674
-2.1598449493429825	 -2.748893571891069	 0.2610999921690269	 0.0037830855170164403
-2.061670178918302	 -2.748893571891069	 0.2464868608853893	 0.0034210573913618495
-1.9634954084936207	 -2.748893571891069	 0.2410923749548585	 0.0034058738747286045
-1.8653206380689396	 -2.748893571891069	 0.2348978131871394	 0.0032945874641656455
-1.7671458676442586	 -2.748893571891069	 0.23069316948788135	 0.0033402935139154586
-1.6689710972195777	 -2.748893571891069	 0.21468867160783586	 0.0029708283064442606
-1.5707963267948966	 -2.748893571891069	 0.2016860754765843	 0.0028815254307121016
-1.4726215563702154	 -2.748893571891069	 0.18758020843707893	 0.0027024662108596064
-1.3744467859455345	 -2.748893571891069	 0.18037143413276333	 0.0024810516113509045
-1.2762720155208536	 -2.748893571891069	 0.16178039716510761	 0.002136984880759221
-1.1780972450961724	 -2.748893571891069	 0.1413859518212092	 0.001996327212410396
-1.0799224746714913	 -2.748893571891069	 0.12584707057764616	 0.0017952186895799965
-0.9817477042468103	 -2.748893571891069	 0.11114792761457867	 0.001587441516956747
-0.8835729338221293	 -2.748893571891069	 0.09276090758008096	 0.0012444345241394092
-0.7853981633974483	 -2.748893571891069	 0.07831903933811572	 0.0010791027654252934
-0.6872233929727672	 -2.748893571891069	 0.060294757074334245	 0.0008293888030675967
-0.5890486225480862	 -2.748893571891069	 0.04678493363383216	 0.0006815435067505239
-0.4908738521234052	 -2.748893571891069	 0.03306670828087325	 0.00046160737104700725
-0.39269908169872414	 -2.748893571891069	 0.02178465757736123	 0.000299129689417277
-0.2945243112740431	 -2.748893571891069	 0.012396835709087901	 0.00017198304332758093
-0.19634954084936207	 -2.748893571891069	 0.005528460700129309	 8.124456634324262e-5
-0.09817477042468103	 -2.748893571891069	 0.0014294946082536524	 2.0033344318246227e-5
0.0	 -2.748893571891069	 9.727000738689131e-6	 1.6094048016115895e-7
0.09817477042468103	 -2.748893571891069	 0.0014294946082536524	 2.0033344318246227e-5
0.19634954084936207	 -2.748893571891069	 0.005528460700129309	 8.124456634324262e-5
0.2945243112740431	 -2.748893571891069	 0.012396835709087901	 0.00017198304332758093
0.39269908169872414	 -2.748893571891069	 0.02178465757736123	 0.000299129689417277
0.4908738521234052	 -2.748893571891069	 0.03306670828087325	 0.00046160737104700725
0.5890486225480862	 -2.748893571891069	 0.04678493363383216	 0.0006815435067505239
0.6872233929727672	 -2.748893571891069	 0.060294757074334245	 0.0008293888030675967
0.7853981633974483	 -2.748893571891069	 0.07831903933811572	 0.0010791027654252934
0.8835729338221293	 -2.748893571891069	 0.09276090758008096	 0.0012444345241394092
0.9817477042468103	 -2.748893571891069	 0.11114792761457867	 0.001587441516956747
1.0799224746714913	 -2.748893571891069	 0.12584707057764616	 0.0017952186895799965
1.1780972450961724	 -2.748893571891069	 0.1413859518212092	 0.001996327212410396
1.2762720155208536	 -2.748893571891069	 0.16178039716510761	 0.002136984880759221
1.3744467859455345	 -2.748893571891069	 0.18037143413276333	 0.0024810516113509045
1.4726215563702154	 -2.748893571891069	 0.18758020843707893	 0.0027024662108596064
1.5707963267948966	 -2.748893571891069	 0.2016860754765843	 0.0028815254307121016
1.6689710972195777	 -2.748893571891069	 0.21468867160783586	 0.0029708283064442606
1.7671458676442586	 -2.748893571891069	 0.23069316948788135	 0.0033402935139154586
1.8653206380689396	 -2.748893571891069	 0.2348978131871394	 0.0032945874641656455
1.9634954084936207	 -2.748893571891069	 0.2410923749548585	 0.0034058738747286045
2.061670178918302	 -2.748893571891069	 0.2464868608853893	 0.0034210573913618495
2.1598449493429825	 -2.748893571891069	 0.2610999921690269	 0.0037830855170164403
2.2580197197676637	 -2.748893571891069	 0.25735187040964175	 0.0035241027988215674
2.356194490192345	 -2.748893571891069	 0.26139679396393634	 0.0035884640625839675
2.454369260617026	 -2.748893571891069	 0.2648422119574147	 0.003858097835102066
2.552544031041707	 -2.748893571891069	 0.27179190872572423	 0.0038221829955996174
2.650718801466388	 -2.748893571891069	 0.2730618385600342	 0.003868840157905964
2.748893571891069	 -2.748893571891069	 0.27775057428031924	 0.0038980343071246073
2.84706834231575	 -2.748893571891069	 0.27257088744718994	 0.0037767664549430762
2.945243112740431	 -2.748893571891069	 0.27746423529111613	 0.003970498224697327
3.043417883165112	 -2.748893571891069	 0.2697568925017762	 0.0037844230167656035
3.141592653589793	 -2.748893571891069	 0.26866645948949086	 0.003836183168468634

-3.141592653589793	 -2.650718801466388	 0.26972025018328233	 0.0036686141327885186
-3.043417883165112	 -2.650718801466388	 0.26798551256937253	 0.003872156331639859
-2.945243112740431	 -2.650718801466388	 0.27674816863256374	 0.004004895065147269
-2.84706834231575	 -2.650718801466388	 0.2761245932353046	 0.003918913542115895
-2.748893571891069	 -2.650718801466388	 0.27516366982714335	 0.0037399272935407014
-2.650718801466388	 -2.650718801466388	 0.27556376411166317	 0.0038516497310298096
-2.552544031041707	 -2.650718801466388	 0.2768186009344595	 0.003905636501531543
-2.454369260617026	 -2.650718801466388	 0.27439749494005927	 0.003805257711259628
-2.356194490192345	 -2.650718801466388	 0.2690180466208174	 0.003605792039527158
-2.2580197197676637	 -2.650718801466388	 0.26830696094656364	 0.003800666454856524
-2.1598449493429825	 -2.650718801466388	 0.26259439556152236	 0.0038143269208718504
-2.061670178918302	 -2.650718801466388	 0.2609401243807861	 0.0036543461450018358
-1.9634954084936207	 -2.650718801466388	 0.24900759021838817	 0.0035140065213719327
-1.8653206380689396	 -2.650718801466388	 0.2432651534052349	 0.003433856818257969
-1.7671458676442586	 -2.650718801466388	 0.23674033426682714	 0.003259489328450424
-1.6689710972195777	 -2.650718801466388	 0.22282226847434647	 0.0031790005133913307
-1.5707963267948966	 -2.650718801466388	 0.2100355335713258	 0.002980034585844487
-1.4726215563702154	 -2.650718801466388	 0.19995966995861644	 0.0029135127299313693
-1.3744467859455345	 -2.650718801466388	 0.18448150370221297	 0.0025400571440898478
-1.2762720155208536	 -2.650718801466388	 0.17243893305652755	 0.002335421613717446
-1.1780972450961724	 -2.650718801466388	 0.15158918212357442	 0.0021253488338025426
-1.0799224746714913	 -2.650718801466388	 0.13111648400051062	 0.0018595705717089862
-0.9817477042468103	 -2.650718801466388	 0.11731159354697422	 0.0016367853346736306
-0.8835729338221293	 -2.650718801466388	 0.09952018456082377	 0.0014265024845532093
-0.7853981633974483	 -2.650718801466388	 0.08059987541946324	 0.001133780798328598
-0.6872233929727672	 -2.650718801466388	 0.0627733086178787	 0.0009056855603165834
-0.5890486225480862	 -2.650718801466388	 0.050514729505351595	 0.0007041764616354294
-0.4908738521234052	 -2.650718801466388	 0.03569931434456041	 0.0005083070283633644
-0.39269908169872414	 -2.650718801466388	 0.02321159384840938	 0.0003165753208788396
-0.2945243112740431	 -2.650718801466388	 0.013419447496357147	 0.00018631316856145008
-0.19634954084936207	 -2.650718801466388	 0.005958129163230939	 7.94287514777146e-5
-0.09817477042468103	 -2.650718801466388	 0.001560729860565572	 2.0966779511213948e-5
0.0	 -2.650718801466388	 1.0702698021167734e-5	 1.7561372250327606e-7
0.09817477042468103	 -2.650718801466388	 0.001560729860565572	 2.0966779511213948e-5
0.19634954084936207	 -2.650718801466388	 0.005958129163230939	 7.94287514777146e-5
0.2945243112740431	 -2.650718801466388	 0.013419447496357147	 0.00018631316856145008
0.39269908169872414	 -2.650718801466388	 0.02321159384840938	 0.0003165753208788396
0.4908738521234052	 -2.650718801466388	 0.03569931434456041	 0.0005083070283633644
0.5890486225480862	 -2.650718801466388	 0.050514729505351595	 0.0007041764616354294
0.6872233929727672	 -2.650718801466388	 0.0627733086178787	 0.0009056855603165834
0.7853981633974483	 -2.650718801466388	 0.08059987541946324	 0.001133780798328598
0.8835729338221293	 -2.650718801466388	 0.09952018456082377	 0.0014265024845532093
0.9817477042468103	 -2.650718801466388	 0.11731159354697422	 0.0016367853346736306
1.0799224746714913	 -2.650718801466388	 0.13111648400051062	 0.0018595705717089862
1.1780972450961724	 -2.650718801466388	 0.15158918212357442	 0.0021253488338025426
1.2762720155208536	 -2.650718801466388	 0.17243893305652755	 0.002335421613717446
1.3744467859455345	 -2.650718801466388	 0.18448150370221297	 0.0025400571440898478
1.4726215563702154	 -2.650718801466388	 0.19995966995861644	 0.0029135127299313693
1.5707963267948966	 -2.650718801466388	 0.2100355335713258	 0.002980034585844487
1.6689710972195777	 -2.650718801466388	 0.22282226847434647	 0.0031790005133913307
1.7671458676442586	 -2.650718801466388	 0.23674033426682714	 0.003259489328450424
1.8653206380689396	 -2.650718801466388	 0.2432651534052349	 0.003433856818257969
1.9634954084936207	 -2.650718801466388	 0.24900759021838817	 0.0035140065213719327
2.061670178918302	 -2.650718801466388	 0.2609401243807861	 0.0036543461450018358
2.1598449493429825	 -2.650718801466388	 0.26259439556152236	 0.0038143269208718504
2.2580197197676637	 -2.650718801466388	 0.26830696094656364	 0.003800666454856524
2.356194490192345	 -2.650718801466388	 0.2690180466208174	 0.003605792039527158
2.454369260617026	 -2.650718801466388	 0.27439749494005927	 0.003805257711259628
2.552544031041707	 -2.650718801466388	 0.2768186009344595	 0.003905636501531543
2.650718801466388	 -2.650718801466388	 0.27556376411166317	 0.0038516497310298096
2.748893571891069	 -2.650718801466388	 0.27516366982714335	 0.0037399272935407014
2.84706834231575	 -2.650718801466388	 0.2761245932353046	 0.003918913542115895
2.945243112740431	 -2.650718801466388	 0.27674816863256374	 0.004004895065147269
3.043417883165112	 -2.650718801466388	 0.26798551256937253	 0.003872156331639859
3.141592653589793	 -2.650718801466388	 0.26972025018328233	 0.0036686141327885186

-3.141592653589793	 -2.552544031041707	 0.26545354087059864	 0.0037295866222745067
-3.043417883165112	 -2.552544031041707	 0.263557076232021	 0.0037208913747027077
-2.945243112740431	 -2.552544031041707	 0.27159927196563355	 0.0037255711716252444
-2.84706834231575	 -2.552544031041707	 0.2666660762501857	 0.0037416146159146456
-2.748893571891069	 -2.552544031041707	 0.2726694713687954	 0.003914298574596269
-2.650718801466388	 -2.552544031041707	 0.2712458883231222	 0.0037425547964412124
-2.552544031041707	 -2.552544031041707	 0.27113187960139373	 0.003823190350768139
-2.454369260617026	 -2.552544031041707	 0.2735243099123681	 0.0037251041039344304
-2.356194490192345	 -2.552544031041707	 0.2732349912062256	 0.00392408502354756
-2.2580197197676637	 -2.552544031041707	 0.26849962451882925	 0.00372209790910512
-2.1598449493429825	 -2.552544031041707	 0.27101769910284396	 0.0035740250062889787
-2.061670178918302	 -2.552544031041707	 0.2612533535412208	 0.0037778644292175254
-1.9634954084936207	 -2.552544031041707	 0.2539929998349405	 0.0036623449567135175
-1.8653206380689396	 -2.552544031041707	 0.2481232866779763	 0.0034523655725593808
-1.7671458676442586	 -2.552544031041707	 0.23634983027703518	 0.0031904372153420194
-1.6689710972195777	 -2.552544031041707	 0.22680664004303716	 0.003067937515948747
-1.5707963267948966	 -2.552544031041707	 0.21569924465816018	 0.002987839149116538
-1.4726215563702154	 -2.552544031041707	 0.20711591153137393	 0.003003011518688149
-1.3744467859455345	 -2.552544031041707	 0.19135537355913146	 0.0026013685017264383
-1.2762720155208536	 -2.552544031041707	 0.17830174228001133	 0.002504822892131508
-1.1780972450961724	 -2.552544031041707	 0.158459457687209	 0.0021896550064480808
-1.0799224746714913	 -2.552544031041707	 0.14399517823532587	 0.0019994600294785886
-0.9817477042468103	 -2.552544031041707	 0.12458287609260543	 0.0016993090937943156
-0.8835729338221293	 -2.552544031041707	 0.10555690149661721	 0.0014753331810793905
-0.7853981633974483	 -2.552544031041707	 0.08679005795286278	 0.0012483642653367047
-0.6872233929727672	 -2.552544031041707	 0.0700654986419736	 0.0009903981791130635
-0.5890486225480862	 -2.552544031041707	 0.052896974287211594	 0.0007394533534594238
-0.4908738521234052	 -2.552544031041707	 0.03872953495429919	 0.0005387859045174272
-0.39269908169872414	 -2.552544031041707	 0.025207245300655646	 0.00036503218223963554
-0.2945243112740431	 -2.552544031041707	 0.014556931259514978	 0.00019997543804299388
-0.19634954084936207	 -2.552544031041707	 0.006543564871670365	 9.311566860990346e-5
-0.09817477042468103	 -2.552544031041707	 0.0016802799199531666	 2.3157372746417623e-5
0.0	 -2.552544031041707	 1.1562418943118968e-5	 1.8942678314051676e-7
0.09817477042468103	 -2.552544031041707	 0.0016802799199531666	 2.3157372746417623e-5
0.19634954084936207	 -2.552544031041707	 0.006543564871670365	 9.311566860990346e-5
0.2945243112740431	 -2.552544031041707	 0.014556931259514978	 0.00019997543804299388
0.39269908169872414	 -2.552544031041707	 0.025207245300655646	 0.00036503218223963554
0.4908738521234052	 -2.552544031041707	 0.03872953495429919	 0.0005387859045174272
0.5890486225480862	 -2.552544031041707	 0.052896974287211594	 0.0007394533534594238
0.6872233929727672	 -2.552544031041707	 0.0700654986419736	 0.0009903981791130635
0.7853981633974483	 -2.552544031041707	 0.08679005795286278	 0.0012483642653367047
0.8835729338221293	 -2.552544031041707	 0.10555690149661721	 0.0014753331810793905
0.9817477042468103	 -2.552544031041707	 0.12458287609260543	 0.0016993090937943156
1.0799224746714913	 -2.552544031041707	 0.14399517823532587	 0.0019994600294785886
1.1780972450961724	 -2.552544031041707	 0.158459457687209	 0.0021896550064480808
1.2762720155208536	 -2.552544031041707	 0.17830174228001133	 0.002504822892131508
1.3744467859455345	 -2.552544031041707	 0.19135537355913146	 0.0026013685017264383
1.4726215563702154	 -2.552544031041707	 0.20711591153137393	 0.003003011518688149
1.5707963267948966	 -2.552544031041707	 0.21569924465816018	 0.002987839149116538
1.6689710972195777	 -2.552544031041707	 0.22680664004303716	 0.003067937515948747
1.7671458676442586	 -2.552544031041707	 0.23634983027703518	 0.0031904372153420194
1.8653206380689396	 -2.552544031041707	 0.2481232866779763	 0.0034523655725593808
1.9634954084936207	 -2.552544031041707	 0.2539929998349405	 0.0036623449567135175
2.061670178918302	 -2.552544031041707	 0.2612533535412208	 0.0037778644292175254
2.1598449493429825	 -2.552544031041707	 0.27101769910284396	 0.0035740250062889787
2.2580197197676637	 -2.552544031041707	 0.26849962451882925	 0.00372209790910512
2.356194490192345	 -2.552544031041707	 0.2732349912062256	 0.00392408502354756
2.454369260617026	 -2.552544031041707	 0.2735243099123681	 0.0037251041039344304
2.552544031041707	 -2.552544031041707	 0.27113187960139373	 0.003823190350768139
2.650718801466388	 -2.552544031041707	 0.2712458883231222	 0.0037425547964412124
2.748893571891069	 -2.552544031041707	 0.2726694713687954	 0.003914298574596269
2.84706834231575	 -2.552544031041707	 0.2666660762501857	 0.0037416146159146456
2.945243112740431	 -2.552544031041707	 0.27159927196563355	 0.0037255711716252444
3.043417883165112	 -2.552544031041707	 0.263557076232021	 0.0037208913747027077
3.141592653589793	 -2.552544031041707	 0.26545354087059864	 0.0037295866222745067

-3.141592653589793	 -2.454369260617026	 0.2621629286374692	 0.0035705264551557747
-3.043417883165112	 -2.454369260617026	 0.2650995187014726	 0.0038115825348626745
-2.945243112740431	 -2.454369260617026	 0.262843106908203	 0.0037142791930989644
-2.84706834231575	 -2.454369260617026	 0.2643828240857359	 0.003792826605337351
-2.748893571891069	 -2.454369260617026	 0.27153594910803086	 0.0037298815345368362
-2.650718801466388	 -2.454369260617026	 0.2750166043194474	 0.0038966715016474245
-2.552544031041707	 -2.454369260617026	 0.2787657189243898	 0.0039037383410752725
-2.454369260617026	 -2.454369260617026	 0.27372903795885545	 0.003692526615484776
-2.356194490192345	 -2.454369260617026	 0.27312724760455487	 0.003800044627144139
-2.2580197197676637	 -2.454369260617026	 0.26842996509410905	 0.0036360891771427695
-2.1598449493429825	 -2.454369260617026	 0.2673463110424091	 0.0037458383432620763
-2.061670178918302	 -2.454369260617026	 0.26213299005120594	 0.0037344447751108322
-1.9634954084936207	 -2.454369260617026	 0.25981765532738826	 0.0037267285947060786
-1.8653206380689396	 -2.454369260617026	 0.25451012414441826	 0.0035807940830225485
-1.7671458676442586	 -2.454369260617026	 0.24434423700948413	 0.0034563137130056354
-1.6689710972195777	 -2.454369260617026	 0.24087261188976655	 0.003308376620705807
-1.5707963267948966	 -2.454369260617026	 0.22880737923067787	 0.0031649390345237756
-1.4726215563702154	 -2.454369260617026	 0.21616544456385658	 0.0030755771500283755
-1.3744467859455345	 -2.454369260617026	 0.20099581524475943	 0.0027820683108221774
-1.2762720155208536	 -2.454369260617026	 0.18445655025593413	 0.0025258051547332105
-1.1780972450961724	 -2.454369260617026	 0.17227391665216985	 0.002432167634919167
-1.0799224746714913	 -2.454369260617026	 0.1528382393430913	 0.002130162376636193
-0.9817477042468103	 -2.454369260617026	 0.13094502936867844	 0.0017499689074344457
-0.8835729338221293	 -2.454369260617026	 0.11176798848092022	 0.0016044189464725499
-0.7853981633974483	 -2.454369260617026	 0.0926704680962322	 0.0012437784096589947
-0.6872233929727672	 -2.454369260617026	 0.07472246823778857	 0.0010899667633301254
-0.5890486225480862	 -2.454369260617026	 0.05774588228430349	 0.00078006744177094
-0.4908738521234052	 -2.454369260617026	 0.04198122463073377	 0.0005928174737330323
-0.39269908169872414	 -2.454369260617026	 0.02794419960379896	 0.0003941282183848593
-0.2945243112740431	 -2.454369260617026	 0.015686208415444013	 0.00021753004753845143
-0.19634954084936207	 -2.454369260617026	 0.007318871268698598	 0.00010233067785381541
-0.09817477042468103	 -2.454369260617026	 0.0018083012998787017	 2.519654726685605e-5
0.0	 -2.454369260617026	 1.271277752936463e-5	 2.1520178209592802e-7
0.09817477042468103	 -2.454369260617026	 0.0018083012998787017	 2.519654726685605e-5
0.19634954084936207	 -2.454369260617026	 0.007318871268698598	 0.00010233067785381541
0.2945243112740431	 -2.454369260617026	 0.015686208415444013	 0.00021753004753845143
0.39269908169872414	 -2.454369260617026	 0.02794419960379896	 0.0003941282183848593
0.4908738521234052	 -2.454369260617026	 0.04198122463073377	 0.0005928174737330323
0.5890486225480862	 -2.454369260617026	 0.05774588228430349	 0.00078006744177094
0.6872233929727672	 -2.454369260617026	 0.07472246823778857	 0.0010899667633301254
0.7853981633974483	 -2.454369260617026	 0.0926704680962322	 0.0012437784096589947
0.8835729338221293	 -2.454369260617026	 0.11176798848092022	 0.0016044189464725499
0.9817477042468103	 -2.454369260617026	 0.13094502936867844	 0.0017499689074344457
1.0799224746714913	 -2.454369260617026	 0.1528382393430913	 0.002130162376636193
1.1780972450961724	 -2.454369260617026	 0.17227391665216985	 0.002432167634919167
1.2762720155208536	 -2.454369260617026	 0.18445655025593413	 0.0025258051547332105
1.3744467859455345	 -2.454369260617026	 0.20099581524475943	 0.0027820683108221774
1.4726215563702154	 -2.454369260617026	 0.21616544456385658	 0.0030755771500283755
1.5707963267948966	 -2.454369260617026	 0.22880737923067787	 0.0031649390345237756
1.6689710972195777	 -2.454369260617026	 0.24087261188976655	 0.003308376620705807
1.7671458676442586	 -2.454369260617026	 0.24434423700948413	 0.0034563137130056354
1.8653206380689396	 -2.454369260617026	 0.25451012414441826	 0.0035807940830225485
1.9634954084936207	 -2.454369260617026	 0.25981765532738826	 0.0037267285947060786
2.061670178918302	 -2.454369260617026	 0.26213299005120594	 0.0037344447751108322
2.1598449493429825	 -2.454369260617026	 0.2673463110424091	 0.0037458383432620763
2.2580197197676637	 -2.454369260617026	 0.26842996509410905	 0.0036360891771427695
2.356194490192345	 -2.454369260617026	 0.27312724760455487	 0.003800044627144139
2.454369260617026	 -2.454369260617026	 0.27372903795885545	 0.003692526615484776
2.552544031041707	 -2.454369260617026	 0.2787657189243898	 0.0039037383410752725
2.650718801466388	 -2.454369260617026	 0.2750166043194474	 0.0038966715016474245
2.748893571891069	 -2.454369260617026	 0.27153594910803086	 0.0037298815345368362
2.84706834231575	 -2.454369260617026	 0.2643828240857359	 0.003792826605337351
2.945243112740431	 -2.454369260617026	 0.262843106908203	 0.0037142791930989644
3.043417883165112	 -2.454369260617026	 0.2650995187014726	 0.0038115825348626745
3.141592653589793	 -2.454369260617026	 0.2621629286374692	 0.0035705264551557747

-3.141592653589793	 -2.356194490192345	 0.2443661838841655	 0.0034286828808053667
-3.043417883165112	 -2.356194490192345	 0.2596955906550162	 0.0037072190377479396
-2.945243112740431	 -2.356194490192345	 0.2607641033892849	 0.00351284075912511
-2.84706834231575	 -2.356194490192345	 0.2656388408786288	 0.003642870909185363
-2.748893571891069	 -2.356194490192345	 0.2610473049009376	 0.003733354548261035
-2.650718801466388	 -2.356194490192345	 0.27232032646689097	 0.0039006387592126065
-2.552544031041707	 -2.356194490192345	 0.27435126513703445	 0.0037151445542100243
-2.454369260617026	 -2.356194490192345	 0.2770281140267781	 0.003923648336600308
-2.356194490192345	 -2.356194490192345	 0.27141422121984576	 0.0038374801742975116
-2.2580197197676637	 -2.356194490192345	 0.27534283660149933	 0.00376351225347991
-2.1598449493429825	 -2.356194490192345	 0.2695493397363341	 0.003796432838643635
-2.061670178918302	 -2.356194490192345	 0.2667540209226763	 0.0036451988416508247
-1.9634954084936207	 -2.356194490192345	 0.25829028915311275	 0.0035631155242560894
-1.8653206380689396	 -2.356194490192345	 0.2611133947627381	 0.00369028848231126
-1.7671458676442586	 -2.356194490192345	 0.253072513492279	 0.0034761413578742067
-1.6689710972195777	 -2.356194490192345	 0.24586716911827586	 0.0034379805157576456
-1.5707963267948966	 -2.356194490192345	 0.23511471472618695	 0.0032937043300928443
-1.4726215563702154	 -2.356194490192345	 0.22674152053210536	 0.0032773569576871413
-1.3744467859455345	 -2.356194490192345	 0.2132958976546243	 0.0030391344839556674
-1.2762720155208536	 -2.356194490192345	 0.19250464728505196	 0.002553512300612097
-1.1780972450961724	 -2.356194490192345	 0.18090164840382822	 0.002471814927521884
-1.0799224746714913	 -2.356194490192345	 0.16222253783987267	 0.0022257541147808015
-0.9817477042468103	 -2.356194490192345	 0.13735105980611606	 0.0019716060925239667
-0.8835729338221293	 -2.356194490192345	 0.1211719057962103	 0.0017008435192161072
-0.7853981633974483	 -2.356194490192345	 0.10248474328400288	 0.0013678495889719142
-0.6872233929727672	 -2.356194490192345	 0.08202418215296524	 0.0011422386180313206
-0.5890486225480862	 -2.356194490192345	 0.06262241410903735	 0.0008778840304660246
-0.4908738521234052	 -2.356194490192345	 0.04627148802441451	 0.0006779962017928504
-0.39269908169872414	 -2.356194490192345	 0.02987546767286513	 0.0004023752674275543
-0.2945243112740431	 -2.356194490192345	 0.017319860726610483	 0.0002389488542865193
-0.19634954084936207	 -2.356194490192345	 0.007872240316915633	 0.00010724784775373867
-0.09817477042468103	 -2.356194490192345	 0.001962644809262478	 2.7779119437170213e-5
0.0	 -2.356194490192345	 1.3412677011462892e-5	 2.1294560253078165e-7
0.09817477042468103	 -2.356194490192345	 0.001962644809262478	 2.7779119437170213e-5
0.19634954084936207	 -2.356194490192345	 0.007872240316915633	 0.00010724784775373867
0.2945243112740431	 -2.356194490192345	 0.017319860726610483	 0.0002389488542865193
0.39269908169872414	 -2.356194490192345	 0.02987546767286513	 0.0004023752674275543
0.4908738521234052	 -2.356194490192345	 0.04627148802441451	 0.0006779962017928504
0.5890486225480862	 -2.356194490192345	 0.06262241410903735	 0.0008778840304660246
0.6872233929727672	 -2.356194490192345	 0.08202418215296524	 0.0011422386180313206
0.7853981633974483	 -2.356194490192345	 0.10248474328400288	 0.0013678495889719142
0.8835729338221293	 -2.356194490192345	 0.1211719057962103	 0.0017008435192161072
0.9817477042468103	 -2.356194490192345	 0.13735105980611606	 0.0019716060925239667
1.0799224746714913	 -2.356194490192345	 0.16222253783987267	 0.0022257541147808015
1.1780972450961724	 -2.356194490192345	 0.18090164840382822	 0.002471814927521884
1.2762720155208536	 -2.356194490192345	 0.19250464728505196	 0.002553512300612097
1.3744467859455345	 -2.356194490192345	 0.2132958976546243	 0.0030391344839556674
1.4726215563702154	 -2.356194490192345	 0.22674152053210536	 0.0032773569576871413
1.5707963267948966	 -2.356194490192345	 0.23511471472618695	 0.0032937043300928443
1.6689710972195777	 -2.356194490192345	 0.24586716911827586	 0.0034379805157576456
1.7671458676442586	 -2.356194490192345	 0.253072513492279	 0.0034761413578742067
1.8653206380689396	 -2.356194490192345	 0.2611133947627381	 0.00369028848231126
1.9634954084936207	 -2.356194490192345	 0.25829028915311275	 0.0035631155242560894
2.061670178918302	 -2.356194490192345	 0.2667540209226763	 0.0036451988416508247
2.1598449493429825	 -2.356194490192345	 0.2695493397363341	 0.003796432838643635
2.2580197197676637	 -2.356194490192345	 0.27534283660149933	 0.00376351225347991
2.356194490192345	 -2.356194490192345	 0.27141422121984576	 0.0038374801742975116
2.454369260617026	 -2.356194490192345	 0.2770281140267781	 0.003923648336600308
2.552544031041707	 -2.356194490192345	 0.27435126513703445	 0.0037151445542100243
2.650718801466388	 -2.356194490192345	 0.27232032646689097	 0.0039006387592126065
2.748893571891069	 -2.356194490192345	 0.2610473049009376	 0.003733354548261035
2.84706834231575	 -2.356194490192345	 0.2656388408786288	 0.003642870909185363
2.945243112740431	 -2.356194490192345	 0.2607641033892849	 0.00351284075912511
3.043417883165112	 -2.356194490192345	 0.2596955906550162	 0.0037072190377479396
3.141592653589793	 -2.356194490192345	 0.2443661838841655	 0.0034286828808053667

-3.141592653589793	 -2.2580197197676637	 0.23872551842536294	 0.0032443115290320974
-3.043417883165112	 -2.2580197197676637	 0.2515151521356153	 0.003609754184608459
-2.945243112740431	 -2.2580197197676637	 0.2544809918567093	 0.0034686476879872133
-2.84706834231575	 -2.2580197197676637	 0.26230763991801637	 0.0036411047694842372
-2.748893571891069	 -2.2580197197676637	 0.26017019696051435	 0.003699613609414642
-2.650718801466388	 -2.2580197197676637	 0.2729239567364405	 0.0037613796899777763
-2.552544031041707	 -2.2580197197676637	 0.26597023536516295	 0.003626215830433584
-2.454369260617026	 -2.2580197197676637	 0.27087735333405316	 0.003647706442195479
-2.356194490192345	 -2.2580197197676637	 0.27529937744744437	 0.003976842250267993
-2.2580197197676637	 -2.2580197197676637	 0.2743781316875629	 0.00383993903618879
-2.1598449493429825	 -2.2580197197676637	 0.270281553289735	 0.0037029425432600783
-2.061670178918302	 -2.2580197197676637	 0.27036928934718335	 0.00360706969084438
-1.9634954084936207	 -2.2580197197676637	 0.272430051734635	 0.003763066832634616
-1.8653206380689396	 -2.2580197197676637	 0.26985993076266607	 0.0038129795023558004
-1.7671458676442586	 -2.2580197197676637	 0.2539652472949247	 0.0035521176844001924
-1.6689710972195777	 -2.2580197197676637	 0.25069025859670474	 0.0036299471426300372
-1.5707963267948966	 -2.2580197197676637	 0.24907132694869658	 0.003535392514356465
-1.4726215563702154	 -2.2580197197676637	 0.23416440651518808	 0.0032585346276400263
-1.3744467859455345	 -2.2580197197676637	 0.22095690443927224	 0.0031174673821110126
-1.2762720155208536	 -2.2580197197676637	 0.20237169198851424	 0.0028611396733001938
-1.1780972450961724	 -2.2580197197676637	 0.18934443706369078	 0.002689675984504555
-1.0799224746714913	 -2.2580197197676637	 0.16807767240488386	 0.0024291143250214395
-0.9817477042468103	 -2.2580197197676637	 0.154233916545857	 0.002073510779771939
-0.8835729338221293	 -2.2580197197676637	 0.12711319025835072	 0.0018122570257297869
-0.7853981633974483	 -2.2580197197676637	 0.10842516520277552	 0.001483275429142178
-0.6872233929727672	 -2.2580197197676637	 0.08786130926277491	 0.0012215532360367962
-0.5890486225480862	 -2.2580197197676637	 0.06737826288489554	 0.0009227710826082968
-0.4908738521234052	 -2.2580197197676637	 0.049911256610642746	 0.0006826962327809303
-0.39269908169872414	 -2.2580197197676637	 0.03197369829872189	 0.00045755546032018074
-0.2945243112740431	 -2.2580197197676637	 0.01838126938210418	 0.0002649369980081938
-0.19634954084936207	 -2.2580197197676637	 0.008585912865710293	 0.00011989419739050668
-0.09817477042468103	 -2.2580197197676637	 0.002218927227929962	 3.067388160661312e-5
0.0	 -2.2580197197676637	 1.4848435630319094e-5	 2.4483723462638593e-7
0.09817477042468103	 -2.2580197197676637	 0.002218927227929962	 3.067388160661312e-5
0.19634954084936207	 -2.2580197197676637	 0.008585912865710293	 0.00011989419739050668
0.2945243112740431	 -2.2580197197676637	 0.01838126938210418	 0.0002649369980081938
0.39269908169872414	 -2.2580197197676637	 0.03197369829872189	 0.00045755546032018074
0.4908738521234052	 -2.2580197197676637	 0.049911256610642746	 0.0006826962327809303
0.5890486225480862	 -2.2580197197676637	 0.06737826288489554	 0.0009227710826082968
0.6872233929727672	 -2.2580197197676637	 0.08786130926277491	 0.0012215532360367962
0.7853981633974483	 -2.2580197197676637	 0.10842516520277552	 0.001483275429142178
0.8835729338221293	 -2.2580197197676637	 0.12711319025835072	 0.0018122570257297869
0.9817477042468103	 -2.2580197197676637	 0.154233916545857	 0.002073510779771939
1.0799224746714913	 -2.2580197197676637	 0.16807767240488386	 0.0024291143250214395
1.1780972450961724	 -2.2580197197676637	 0.18934443706369078	 0.002689675984504555
1.2762720155208536	 -2.2580197197676637	 0.20237169198851424	 0.0028611396733001938
1.3744467859455345	 -2.2580197197676637	 0.22095690443927224	 0.0031174673821110126
1.4726215563702154	 -2.2580197197676637	 0.23416440651518808	 0.0032585346276400263
1.5707963267948966	 -2.2580197197676637	 0.24907132694869658	 0.003535392514356465
1.6689710972195777	 -2.2580197197676637	 0.25069025859670474	 0.0036299471426300372
1.7671458676442586	 -2.2580197197676637	 0.2539652472949247	 0.0035521176844001924
1.8653206380689396	 -2.2580197197676637	 0.26985993076266607	 0.0038129795023558004
1.9634954084936207	 -2.2580197197676637	 0.272430051734635	 0.003763066832634616
2.061670178918302	 -2.2580197197676637	 0.27036928934718335	 0.00360706969084438
2.1598449493429825	 -2.2580197197676637	 0.270281553289735	 0.0037029425432600783
2.2580197197676637	 -2.2580197197676637	 0.2743781316875629	 0.00383993903618879
2.356194490192345	 -2.2580197197676637	 0.27529937744744437	 0.003976842250267993
2.454369260617026	 -2.2580197197676637	 0.27087735333405316	 0.003647706442195479
2.552544031041707	 -2.2580197197676637	 0.26597023536516295	 0.003626215830433584
2.650718801466388	 -2.2580197197676637	 0.2729239567364405	 0.0037613796899777763
2.748893571891069	 -2.2580197197676637	 0.26017019696051435	 0.003699613609414642
2.84706834231575	 -2.2580197197676637	 0.26230763991801637	 0.0036411047694842372
2.945243112740431	 -2.2580197197676637	 0.2544809918567093	 0.0034686476879872133
3.043417883165112	 -2.2580197197676637	 0.2515151521356153	 0.003609754184608459
3.141592653589793	 -2.2580197197676637	 0.23872551842536294	 0.0032443115290320974

-3.141592653589793	 -2.1598449493429825	 0.24184331710168971	 0.0034383535487003485
-3.043417883165112	 -2.1598449493429825	 0.2407857199125275	 0.0033423780686552148
-2.945243112740431	 -2.1598449493429825	 0.24664055450460415	 0.003462399237027882
-2.84706834231575	 -2.1598449493429825	 0.2488314586704633	 0.0034399680075011822
-2.748893571891069	 -2.1598449493429825	 0.2590928930452758	 0.003448661530058614
-2.650718801466388	 -2.1598449493429825	 0.26152021657414054	 0.0036497765073601725
-2.552544031041707	 -2.1598449493429825	 0.2645930859406079	 0.0036757480215975414
-2.454369260617026	 -2.1598449493429825	 0.26667615094551506	 0.0036271670840955085
-2.356194490192345	 -2.1598449493429825	 0.26804144365372023	 0.003864624667578318
-2.2580197197676637	 -2.1598449493429825	 0.2775299929870359	 0.0038170411854091956
-2.1598449493429825	 -2.1598449493429825	 0.27560404119257786	 0.003750570182514794
-2.061670178918302	 -2.1598449493429825	 0.27954772907656456	 0.00397798546428696
-1.9634954084936207	 -2.1598449493429825	 0.27030340940122166	 0.003692015634790299
-1.8653206380689396	 -2.1598449493429825	 0.2691965016980226	 0.003744621079611328
-1.7671458676442586	 -2.1598449493429825	 0.2630573291737674	 0.003735126884813039
-1.6689710972195777	 -2.1598449493429825	 0.2630200092190695	 0.003739631505027231
-1.5707963267948966	 -2.1598449493429825	 0.2467937951056605	 0.0035106087404854366
-1.4726215563702154	 -2.1598449493429825	 0.2380931115779005	 0.003357239808049016
-1.3744467859455345	 -2.1598449493429825	 0.22949874944526077	 0.003160795230049653
-1.2762720155208536	 -2.1598449493429825	 0.21592074303028294	 0.003094846582931964
-1.1780972450961724	 -2.1598449493429825	 0.20053557916998035	 0.0026941397281972277
-1.0799224746714913	 -2.1598449493429825	 0.18078040374766385	 0.002603286490553441
-0.9817477042468103	 -2.1598449493429825	 0.1579310062056885	 0.00221826405944986
-0.8835729338221293	 -2.1598449493429825	 0.14026196373187483	 0.0019505826800436303
-0.7853981633974483	 -2.1598449493429825	 0.11547397404174907	 0.0015933363759260298
-0.6872233929727672	 -2.1598449493429825	 0.09722025576634837	 0.0013034749928164816
-0.5890486225480862	 -2.1598449493429825	 0.07374278477554891	 0.0010780364743714673
-0.4908738521234052	 -2.1598449493429825	 0.05378743789325098	 0.0007665385398387873
-0.39269908169872414	 -2.1598449493429825	 0.03542460356370162	 0.0004696269519777738
-0.2945243112740431	 -2.1598449493429825	 0.0201258407641373	 0.00028060523125228063
-0.19634954084936207	 -2.1598449493429825	 0.009382246029103284	 0.00012660757192373354
-0.09817477042468103	 -2.1598449493429825	 0.0023767894865136777	 3.263947128929045e-5
0.0	 -2.1598449493429825	 1.615028310109572e-5	 2.658497188820964e-7
0.09817477042468103	 -2.1598449493429825	 0.0023767894865136777	 3.263947128929045e-5
0.19634954084936207	 -2.1598449493429825	 0.009382246029103284	 0.00012660757192373354
0.2945243112740431	 -2.1598449493429825	 0.0201258407641373	 0.00028060523125228063
0.39269908169872414	 -2.1598449493429825	 0.03542460356370162	 0.0004696269519777738
0.4908738521234052	 -2.1598449493429825	 0.05378743789325098	 0.0007665385398387873
0.5890486225480862	 -2.1598449493429825	 0.07374278477554891	 0.0010780364743714673
0.6872233929727672	 -2.1598449493429825	 0.09722025576634837	 0.0013034749928164816
0.7853981633974483	 -2.1598449493429825	 0.11547397404174907	 0.0015933363759260298
0.8835729338221293	 -2.1598449493429825	 0.14026196373187483	 0.0019505826800436303
0.9817477042468103	 -2.1598449493429825	 0.1579310062056885	 0.00221826405944986
1.0799224746714913	 -2.1598449493429825	 0.18078040374766385	 0.002603286490553441
1.1780972450961724	 -2.1598449493429825	 0.20053557916998035	 0.0026941397281972277
1.2762720155208536	 -2.1598449493429825	 0.21592074303028294	 0.003094846582931964
1.3744467859455345	 -2.1598449493429825	 0.22949874944526077	 0.003160795230049653
1.4726215563702154	 -2.1598449493429825	 0.2380931115779005	 0.003357239808049016
1.5707963267948966	 -2.1598449493429825	 0.2467937951056605	 0.0035106087404854366
1.6689710972195777	 -2.1598449493429825	 0.2630200092190695	 0.003739631505027231
1.7671458676442586	 -2.1598449493429825	 0.2630573291737674	 0.003735126884813039
1.8653206380689396	 -2.1598449493429825	 0.2691965016980226	 0.003744621079611328
1.9634954084936207	 -2.1598449493429825	 0.27030340940122166	 0.003692015634790299
2.061670178918302	 -2.1598449493429825	 0.27954772907656456	 0.00397798546428696
2.1598449493429825	 -2.1598449493429825	 0.27560404119257786	 0.003750570182514794
2.2580197197676637	 -2.1598449493429825	 0.2775299929870359	 0.0038170411854091956
2.356194490192345	 -2.1598449493429825	 0.26804144365372023	 0.003864624667578318
2.454369260617026	 -2.1598449493429825	 0.26667615094551506	 0.0036271670840955085
2.552544031041707	 -2.1598449493429825	 0.2645930859406079	 0.0036757480215975414
2.650718801466388	 -2.1598449493429825	 0.26152021657414054	 0.0036497765073601725
2.748893571891069	 -2.1598449493429825	 0.2590928930452758	 0.003448661530058614
2.84706834231575	 -2.1598449493429825	 0.2488314586704633	 0.0034399680075011822
2.945243112740431	 -2.1598449493429825	 0.24664055450460415	 0.003462399237027882
3.043417883165112	 -2.1598449493429825	 0.2407857199125275	 0.0033423780686552148
3.141592653589793	 -2.1598449493429825	 0.24184331710168971	 0.0034383535487003485

-3.141592653589793	 -2.061670178918302	 0.23012527446332687	 0.0032902286532962934
-3.043417883165112	 -2.061670178918302	 0.23675895126891622	 0.0033202894110078577
-2.945243112740431	 -2.061670178918302	 0.24018050440608307	 0.0032904383002005074
-2.84706834231575	 -2.061670178918302	 0.24651248584954494	 0.003266536488455187
-2.748893571891069	 -2.061670178918302	 0.2502713981260632	 0.003523764432052177
-2.650718801466388	 -2.061670178918302	 0.2564967113965696	 0.0036736601003492272
-2.552544031041707	 -2.061670178918302	 0.25489993336154476	 0.0036290814259619044
-2.454369260617026	 -2.061670178918302	 0.26553871534858237	 0.0037824901974592364
-2.356194490192345	 -2.061670178918302	 0.2724816290816949	 0.0038604735123548236
-2.2580197197676637	 -2.061670178918302	 0.27195140743967844	 0.003890338663251482
-2.1598449493429825	 -2.061670178918302	 0.2680596593689233	 0.003816923185388742
-2.061670178918302	 -2.061670178918302	 0.28121027289140565	 0.003926420906055187
-1.9634954084936207	 -2.061670178918302	 0.2760469770736171	 0.003705042367077321
-1.8653206380689396	 -2.061670178918302	 0.2742019525539369	 0.0037462259179922262
-1.7671458676442586	 -2.061670178918302	 0.26939774719241216	 0.0037273225459828817
-1.6689710972195777	 -2.061670178918302	 0.2671777602051186	 0.00372868588256869
-1.5707963267948966	 -2.061670178918302	 0.26239120699607077	 0.0037298641075767663
-1.4726215563702154	 -2.061670178918302	 0.2507055072073787	 0.0036437837942863284
-1.3744467859455345	 -2.061670178918302	 0.24006405218103688	 0.0034111678926934796
-1.2762720155208536	 -2.061670178918302	 0.22615600874587038	 0.0031376062864875084
-1.1780972450961724	 -2.061670178918302	 0.210278416434295	 0.00305030871550014
-1.0799224746714913	 -2.061670178918302	 0.1949350151853175	 0.0028090315625331074
-0.9817477042468103	 -2.061670178918302	 0.17331901504678854	 0.0024889205342177563
-0.8835729338221293	 -2.061670178918302	 0.1489827343810185	 0.00211057163174441
-0.7853981633974483	 -2.061670178918302	 0.12410081979324658	 0.0017243437675660519
-0.6872233929727672	 -2.061670178918302	 0.10452176305560906	 0.001492677415539808
-0.5890486225480862	 -2.061670178918302	 0.08155531936769476	 0.001167158096815449
-0.4908738521234052	 -2.061670178918302	 0.058992795785789906	 0.0008378032535120066
-0.39269908169872414	 -2.061670178918302	 0.03852594991083688	 0.0005491540291451195
-0.2945243112740431	 -2.061670178918302	 0.02322297765426468	 0.00031300628611108237
-0.19634954084936207	 -2.061670178918302	 0.01027936310771376	 0.00014629942242703277
-0.09817477042468103	 -2.061670178918302	 0.0026773037362608386	 3.8339249848534914e-5
0.0	 -2.061670178918302	 1.7548250531055847e-5	 2.873599119759722e-7
0.09817477042468103	 -2.061670178918302	 0.0026773037362608386	 3.8339249848534914e-5
0.19634954084936207	 -2.061670178918302	 0.01027936310771376	 0.00014629942242703277
0.2945243112740431	 -2.061670178918302	 0.02322297765426468	 0.00031300628611108237
0.39269908169872414	 -2.061670178918302	 0.03852594991083688	 0.0005491540291451195
0.4908738521234052	 -2.061670178918302	 0.058992795785789906	 0.0008378032535120066
0.5890486225480862	 -2.061670178918302	 0.08155531936769476	 0.001167158096815449
0.6872233929727672	 -2.061670178918302	 0.10452176305560906	 0.001492677415539808
0.7853981633974483	 -2.061670178918302	 0.12410081979324658	 0.0017243437675660519
0.8835729338221293	 -2.061670178918302	 0.1489827343810185	 0.00211057163174441
0.9817477042468103	 -2.061670178918302	 0.17331901504678854	 0.0024889205342177563
1.0799224746714913	 -2.061670178918302	 0.1949350151853175	 0.0028090315625331074
1.1780972450961724	 -2.061670178918302	 0.210278416434295	 0.00305030871550014
1.2762720155208536	 -2.061670178918302	 0.22615600874587038	 0.0031376062864875084
1.3744467859455345	 -2.061670178918302	 0.24006405218103688	 0.0034111678926934796
1.4726215563702154	 -2.061670178918302	 0.2507055072073787	 0.0036437837942863284
1.5707963267948966	 -2.061670178918302	 0.26239120699607077	 0.0037298641075767663
1.6689710972195777	 -2.061670178918302	 0.2671777602051186	 0.00372868588256869
1.7671458676442586	 -2.061670178918302	 0.26939774719241216	 0.0037273225459828817
1.8653206380689396	 -2.061670178918302	 0.2742019525539369	 0.0037462259179922262
1.9634954084936207	 -2.061670178918302	 0.2760469770736171	 0.003705042367077321
2.061670178918302	 -2.061670178918302	 0.28121027289140565	 0.003926420906055187
2.1598449493429825	 -2.061670178918302	 0.2680596593689233	 0.003816923185388742
2.2580197197676637	 -2.061670178918302	 0.27195140743967844	 0.003890338663251482
2.356194490192345	 -2.061670178918302	 0.2724816290816949	 0.0038604735123548236
2.454369260617026	 -2.061670178918302	 0.26553871534858237	 0.0037824901974592364
2.552544031041707	 -2.061670178918302	 0.25489993336154476	 0.0036290814259619044
2.650718801466388	 -2.061670178918302	 0.2564967113965696	 0.0036736601003492272
2.748893571891069	 -2.061670178918302	 0.2502713981260632	 0.003523764432052177
2.84706834231575	 -2.061670178918302	 0.24651248584954494	 0.003266536488455187
2.945243112740431	 -2.061670178918302	 0.24018050440608307	 0.0032904383002005074
3.043417883165112	 -2.061670178918302	 0.23675895126891622	 0.0033202894110078577
3.141592653589793	 -2.061670178918302	 0.23012527446332687	 0.0032902286532962934

-3.141592653589793	 -1.9634954084936207	 0.22822031597332176	 0.003163771335243629
-3.043417883165112	 -1.9634954084936207	 0.2244484698333793	 0.0031224415525550895
-2.945243112740431	 -1.9634954084936207	 0.23027725209158115	 0.003100475114793654
-2.84706834231575	 -1.9634954084936207	 0.23538929043222603	 0.0032337284291594644
-2.748893571891069	 -1.9634954084936207	 0.24942696365529984	 0.0034827739269225415
-2.650718801466388	 -1.9634954084936207	 0.24529083521659767	 0.0034371584122090755
-2.552544031041707	 -1.9634954084936207	 0.26382706011888857	 0.003551258784819054
-2.454369260617026	 -1.9634954084936207	 0.2584986201695868	 0.0036128730250441056
-2.356194490192345	 -1.9634954084936207	 0.26643975803663217	 0.0034992669730975123
-2.2580197197676637	 -1.9634954084936207	 0.2667145505171844	 0.003663633132081736
-2.1598449493429825	 -1.9634954084936207	 0.2727047681467177	 0.0038797419828311306
-2.061670178918302	 -1.9634954084936207	 0.2683900719062033	 0.003723862743072518
-1.9634954084936207	 -1.9634954084936207	 0.27640191981595696	 0.003974992733628005
-1.8653206380689396	 -1.9634954084936207	 0.2720250921967302	 0.0036539578148038166
-1.7671458676442586	 -1.9634954084936207	 0.2769364519600591	 0.003912244662702304
-1.6689710972195777	 -1.9634954084936207	 0.2672118020121564	 0.003720795188149884
-1.5707963267948966	 -1.9634954084936207	 0.26360593098587076	 0.0036644333587793143
-1.4726215563702154	 -1.9634954084936207	 0.25971425752447863	 0.0035267947682212585
-1.3744467859455345	 -1.9634954084936207	 0.2515259472752137	 0.003528860140545927
-1.2762720155208536	 -1.9634954084936207	 0.23652097638134256	 0.0033308396272379963
-1.1780972450961724	 -1.9634954084936207	 0.2232192837192418	 0.0030296665254638012
-1.0799224746714913	 -1.9634954084936207	 0.20651132617882262	 0.002909903439206174
-0.9817477042468103	 -1.9634954084936207	 0.18261451114370253	 0.002513751640136579
-0.8835729338221293	 -1.9634954084936207	 0.16239082151452147	 0.002320146896185644
-0.7853981633974483	 -1.9634954084936207	 0.13462522244218436	 0.001849789830586741
-0.6872233929727672	 -1.9634954084936207	 0.11118300146658165	 0.0015091699975393993
-0.5890486225480862	 -1.9634954084936207	 0.08947411218231176	 0.0012453346645080433
-0.4908738521234052	 -1.9634954084936207	 0.06420004133963836	 0.0008939966378001692
-0.39269908169872414	 -1.9634954084936207	 0.043278302167765896	 0.0005916627953046734
-0.2945243112740431	 -1.9634954084936207	 0.024950496927433174	 0.00034151184472377424
-0.19634954084936207	 -1.9634954084936207	 0.011452156388997763	 0.00016473400459985794
-0.09817477042468103	 -1.9634954084936207	 0.0029910046263453114	 4.345696523160107e-5
0.0	 -1.9634954084936207	 1.9353897506115687e-5	 3.2191703512260575e-7
0.09817477042468103	 -1.9634954084936207	 0.0029910046263453114	 4.345696523160107e-5
0.19634954084936207	 -1.9634954084936207	 0.011452156388997763	 0.00016473400459985794
0.2945243112740431	 -1.9634954084936207	 0.024950496927433174	 0.00034151184472377424
0.39269908169872414	 -1.9634954084936207	 0.043278302167765896	 0.0005916627953046734
0.4908738521234052	 -1.9634954084936207	 0.06420004133963836	 0.0008939966378001692
0.5890486225480862	 -1.9634954084936207	 0.08947411218231176	 0.0012453346645080433
0.6872233929727672	 -1.9634954084936207	 0.11118300146658165	 0.0015091699975393993
0.7853981633974483	 -1.9634954084936207	 0.13462522244218436	 0.001849789830586741
0.8835729338221293	 -1.9634954084936207	 0.16239082151452147	 0.002320146896185644
0.9817477042468103	 -1.9634954084936207	 0.18261451114370253	 0.002513751640136579
1.0799224746714913	 -1.9634954084936207	 0.20651132617882262	 0.002909903439206174
1.1780972450961724	 -1.9634954084936207	 0.2232192837192418	 0.0030296665254638012
1.2762720155208536	 -1.9634954084936207	 0.23652097638134256	 0.0033308396272379963
1.3744467859455345	 -1.9634954084936207	 0.2515259472752137	 0.003528860140545927
1.4726215563702154	 -1.9634954084936207	 0.25971425752447863	 0.0035267947682212585
1.5707963267948966	 -1.9634954084936207	 0.26360593098587076	 0.0036644333587793143
1.6689710972195777	 -1.9634954084936207	 0.2672118020121564	 0.003720795188149884
1.7671458676442586	 -1.9634954084936207	 0.2769364519600591	 0.003912244662702304
1.8653206380689396	 -1.9634954084936207	 0.2720250921967302	 0.0036539578148038166
1.9634954084936207	 -1.9634954084936207	 0.27640191981595696	 0.003974992733628005
2.061670178918302	 -1.9634954084936207	 0.2683900719062033	 0.003723862743072518
2.1598449493429825	 -1.9634954084936207	 0.2727047681467177	 0.0038797419828311306
2.2580197197676637	 -1.9634954084936207	 0.2667145505171844	 0.003663633132081736
2.356194490192345	 -1.9634954084936207	 0.26643975803663217	 0.0034992669730975123
2.454369260617026	 -1.9634954084936207	 0.2584986201695868	 0.0036128730250441056
2.552544031041707	 -1.9634954084936207	 0.26382706011888857	 0.003551258784819054
2.650718801466388	 -1.9634954084936207	 0.24529083521659767	 0.0034371584122090755
2.748893571891069	 -1.9634954084936207	 0.24942696365529984	 0.0034827739269225415
2.84706834231575	 -1.9634954084936207	 0.23538929043222603	 0.0032337284291594644
2.945243112740431	 -1.9634954084936207	 0.23027725209158115	 0.003100475114793654
3.043417883165112	 -1.9634954084936207	 0.2244484698333793	 0.0031224415525550895
3.141592653589793	 -1.9634954084936207	 0.22822031597332176	 0.003163771335243629

-3.141592653589793	 -1.8653206380689396	 0.21017921710341972	 0.003064619406406572
-3.043417883165112	 -1.8653206380689396	 0.21742883663478213	 0.003120789348946147
-2.945243112740431	 -1.8653206380689396	 0.22403763763408013	 0.0030513764035315916
-2.84706834231575	 -1.8653206380689396	 0.23513544371523146	 0.0033059359654652723
-2.748893571891069	 -1.8653206380689396	 0.23942301033575508	 0.0034035474423825566
-2.650718801466388	 -1.8653206380689396	 0.24690516558176823	 0.0034736694228603964
-2.552544031041707	 -1.8653206380689396	 0.25053071718379044	 0.003574839091676822
-2.454369260617026	 -1.8653206380689396	 0.25126703718389304	 0.003414855768789235
-2.356194490192345	 -1.8653206380689396	 0.25888192819020406	 0.003528028362458666
-2.2580197197676637	 -1.8653206380689396	 0.27035116396384257	 0.003753633736056649
-2.1598449493429825	 -1.8653206380689396	 0.2715601374289721	 0.0038055528023212865
-2.061670178918302	 -1.8653206380689396	 0.2681073735219005	 0.003722290762155836
-1.9634954084936207	 -1.8653206380689396	 0.2780609413356517	 0.003917805085295777
-1.8653206380689396	 -1.8653206380689396	 0.2746389437189235	 0.003721590596687206
-1.7671458676442586	 -1.8653206380689396	 0.2796908371690318	 0.003990953058447617
-1.6689710972195777	 -1.8653206380689396	 0.2755835969985927	 0.0038625363103282286
-1.5707963267948966	 -1.8653206380689396	 0.2702826472301368	 0.003853094438199671
-1.4726215563702154	 -1.8653206380689396	 0.2687791569157936	 0.003659278341233069
-1.3744467859455345	 -1.8653206380689396	 0.25467139982042625	 0.003370716399936038
-1.2762720155208536	 -1.8653206380689396	 0.2475573848226937	 0.0033527070915134213
-1.1780972450961724	 -1.8653206380689396	 0.23542911324122365	 0.0031554245691679484
-1.0799224746714913	 -1.8653206380689396	 0.22268497931554995	 0.0031025520449156773
-0.9817477042468103	 -1.8653206380689396	 0.19721096284637257	 0.0027032155098271646
-0.8835729338221293	 -1.8653206380689396	 0.17327334220743473	 0.002475780074215016
-0.7853981633974483	 -1.8653206380689396	 0.1481870852881939	 0.0021464615861677664
-0.6872233929727672	 -1.8653206380689396	 0.12423937190304561	 0.0016921900180772275
-0.5890486225480862	 -1.8653206380689396	 0.09692781385435342	 0.0013427205316054608
-0.4908738521234052	 -1.8653206380689396	 0.07118217926890205	 0.001052855999886294
-0.39269908169872414	 -1.8653206380689396	 0.04779716575299656	 0.0006783967699687311
-0.2945243112740431	 -1.8653206380689396	 0.028254833617864503	 0.0003849002125575692
-0.19634954084936207	 -1.8653206380689396	 0.012793317047688463	 0.00017040864429880296
-0.09817477042468103	 -1.8653206380689396	 0.0033505032237896182	 4.7101471007488e-5
0.0	 -1.8653206380689396	 2.138124528172277e-5	 3.336586925140351e-7
0.09817477042468103	 -1.8653206380689396	 0.0033505032237896182	 4.7101471007488e-5
0.19634954084936207	 -1.8653206380689396	 0.012793317047688463	 0.00017040864429880296
0.2945243112740431	 -1.8653206380689396	 0.028254833617864503	 0.0003849002125575692
0.39269908169872414	 -1.8653206380689396	 0.04779716575299656	 0.0006783967699687311
0.4908738521234052	 -1.8653206380689396	 0.07118217926890205	 0.001052855999886294
0.5890486225480862	 -1.8653206380689396	 0.09692781385435342	 0.0013427205316054608
0.6872233929727672	 -1.8653206380689396	 0.12423937190304561	 0.0016921900180772275
0.7853981633974483	 -1.8653206380689396	 0.1481870852881939	 0.0021464615861677664
0.8835729338221293	 -1.8653206380689396	 0.17327334220743473	 0.002475780074215016
0.9817477042468103	 -1.8653206380689396	 0.19721096284637257	 0.0027032155098271646
1.0799224746714913	 -1.8653206380689396	 0.22268497931554995	 0.0031025520449156773
1.1780972450961724	 -1.8653206380689396	 0.23542911324122365	 0.0031554245691679484
1.2762720155208536	 -1.8653206380689396	 0.2475573848226937	 0.0033527070915134213
1.3744467859455345	 -1.8653206380689396	 0.25467139982042625	 0.003370716399936038
1.4726215563702154	 -1.8653206380689396	 0.2687791569157936	 0.003659278341233069
1.5707963267948966	 -1.8653206380689396	 0.2702826472301368	 0.003853094438199671
1.6689710972195777	 -1.8653206380689396	 0.2755835969985927	 0.0038625363103282286
1.7671458676442586	 -1.8653206380689396	 0.2796908371690318	 0.003990953058447617
1.8653206380689396	 -1.8653206380689396	 0.2746389437189235	 0.003721590596687206
1.9634954084936207	 -1.8653206380689396	 0.2780609413356517	 0.003917805085295777
2.061670178918302	 -1.8653206380689396	 0.2681073735219005	 0.003722290762155836
2.1598449493429825	 -1.8653206380689396	 0.2715601374289721	 0.0038055528023212865
2.2580197197676637	 -1.8653206380689396	 0.27035116396384257	 0.003753633736056649
2.356194490192345	 -1.8653206380689396	 0.25888192819020406	 0.003528028362458666
2.454369260617026	 -1.8653206380689396	 0.25126703718389304	 0.003414855768789235
2.552544031041707	 -1.8653206380689396	 0.25053071718379044	 0.003574839091676822
2.650718801466388	 -1.8653206380689396	 0.24690516558176823	 0.0034736694228603964
2.748893571891069	 -1.8653206380689396	 0.23942301033575508	 0.0034035474423825566
2.84706834231575	 -1.8653206380689396	 0.23513544371523146	 0.0033059359654652723
2.945243112740431	 -1.8653206380689396	 0.22403763763408013	 0.0030513764035315916
3.043417883165112	 -1.8653206380689396	 0.21742883663478213	 0.003120789348946147
3.141592653589793	 -1.8653206380689396	 0.21017921710341972	 0.003064619406406572

-3.141592653589793	 -1.7671458676442586	 0.19822349237818243	 0.0028570297541679716
-3.043417883165112	 -1.7671458676442586	 0.20185290030023423	 0.0027712181218970478
-2.945243112740431	 -1.7671458676442586	 0.21541946938862547	 0.002875148954675687
-2.84706834231575	 -1.7671458676442586	 0.21561358078322534	 0.0030841730720588788
-2.748893571891069	 -1.7671458676442586	 0.2253435669151612	 0.0031127621548188
-2.650718801466388	 -1.7671458676442586	 0.23033342049998481	 0.003311198960202114
-2.552544031041707	 -1.7671458676442586	 0.23834240762683076	 0.003252570900089612
-2.454369260617026	 -1.7671458676442586	 0.2539635098315658	 0.003536659323870108
-2.356194490192345	 -1.7671458676442586	 0.2541708276715824	 0.0036968192893565084
-2.2580197197676637	 -1.7671458676442586	 0.25608230703934903	 0.0035563335897705285
-2.1598449493429825	 -1.7671458676442586	 0.2625782448457106	 0.0036981866728094553
-2.061670178918302	 -1.7671458676442586	 0.2686565440729815	 0.003686145726937143
-1.9634954084936207	 -1.7671458676442586	 0.2726130789571667	 0.0035775143821161386
-1.8653206380689396	 -1.7671458676442586	 0.2792150414271998	 0.0038368803012738205
-1.7671458676442586	 -1.7671458676442586	 0.28102652527243427	 0.0039054818267798986
-1.6689710972195777	 -1.7671458676442586	 0.2765840379536897	 0.0037150898884153374
-1.5707963267948966	 -1.7671458676442586	 0.28811972574730726	 0.004014413050659748
-1.4726215563702154	 -1.7671458676442586	 0.2728446830734472	 0.003887998644248954
-1.3744467859455345	 -1.7671458676442586	 0.26225116455854497	 0.0036042831436551787
-1.2762720155208536	 -1.7671458676442586	 0.25885390395768304	 0.0035773144591901987
-1.1780972450961724	 -1.7671458676442586	 0.24179026233048298	 0.0035393376346323233
-1.0799224746714913	 -1.7671458676442586	 0.22809227924219505	 0.0031853082965556043
-0.9817477042468103	 -1.7671458676442586	 0.21071328478279788	 0.0031202338157182994
-0.8835729338221293	 -1.7671458676442586	 0.18659969978330185	 0.0026325732616923167
-0.7853981633974483	 -1.7671458676442586	 0.16198798438465312	 0.002310598082202607
-0.6872233929727672	 -1.7671458676442586	 0.13360152554362037	 0.0018861512902128559
-0.5890486225480862	 -1.7671458676442586	 0.1082313844520111	 0.0014736097822790483
-0.4908738521234052	 -1.7671458676442586	 0.0791887128160785	 0.0010855019180087309
-0.39269908169872414	 -1.7671458676442586	 0.05379415726182541	 0.0007611096652556073
-0.2945243112740431	 -1.7671458676442586	 0.030748899042169143	 0.00043111161480065486
-0.19634954084936207	 -1.7671458676442586	 0.014686508485328714	 0.00020683145011372633
-0.09817477042468103	 -1.7671458676442586	 0.0036582253229868592	 5.168993509435233e-5
0.0	 -1.7671458676442586	 2.4375604120453193e-5	 3.9990782290264894e-7
0.09817477042468103	 -1.7671458676442586	 0.0036582253229868592	 5.168993509435233e-5
0.19634954084936207	 -1.7671458676442586	 0.014686508485328714	 0.00020683145011372633
0.2945243112740431	 -1.7671458676442586	 0.030748899042169143	 0.00043111161480065486
0.39269908169872414	 -1.7671458676442586	 0.05379415726182541	 0.0007611096652556073
0.4908738521234052	 -1.7671458676442586	 0.0791887128160785	 0.0010855019180087309
0.5890486225480862	 -1.7671458676442586	 0.1082313844520111	 0.0014736097822790483
0.6872233929727672	 -1.7671458676442586	 0.13360152554362037	 0.0018861512902128559
0.7853981633974483	 -1.7671458676442586	 0.16198798438465312	 0.002310598082202607
0.8835729338221293	 -1.7671458676442586	 0.18659969978330185	 0.0026325732616923167
0.9817477042468103	 -1.7671458676442586	 0.21071328478279788	 0.0031202338157182994
1.0799224746714913	 -1.7671458676442586	 0.22809227924219505	 0.0031853082965556043
1.1780972450961724	 -1.7671458676442586	 0.24179026233048298	 0.0035393376346323233
1.2762720155208536	 -1.7671458676442586	 0.25885390395768304	 0.0035773144591901987
1.3744467859455345	 -1.7671458676442586	 0.26225116455854497	 0.0036042831436551787
1.4726215563702154	 -1.7671458676442586	 0.2728446830734472	 0.003887998644248954
1.5707963267948966	 -1.7671458676442586	 0.28811972574730726	 0.004014413050659748
1.6689710972195777	 -1.7671458676442586	 0.2765840379536897	 0.0037150898884153374
1.7671458676442586	 -1.7671458676442586	 0.28102652527243427	 0.0039054818267798986
1.8653206380689396	 -1.7671458676442586	 0.2792150414271998	 0.0038368803012738205
1.9634954084936207	 -1.7671458676442586	 0.2726130789571667	 0.0035775143821161386
2.061670178918302	 -1.7671458676442586	 0.2686565440729815	 0.003686145726937143
2.1598449493429825	 -1.7671458676442586	 0.2625782448457106	 0.0036981866728094553
2.2580197197676637	 -1.7671458676442586	 0.25608230703934903	 0.0035563335897705285
2.356194490192345	 -1.7671458676442586	 0.2541708276715824	 0.0036968192893565084
2.454369260617026	 -1.7671458676442586	 0.2539635098315658	 0.003536659323870108
2.552544031041707	 -1.7671458676442586	 0.23834240762683076	 0.003252570900089612
2.650718801466388	 -1.7671458676442586	 0.23033342049998481	 0.003311198960202114
2.748893571891069	 -1.7671458676442586	 0.2253435669151612	 0.0031127621548188
2.84706834231575	 -1.7671458676442586	 0.21561358078322534	 0.0030841730720588788
2.945243112740431	 -1.7671458676442586	 0.21541946938862547	 0.002875148954675687
3.043417883165112	 -1.7671458676442586	 0.20185290030023423	 0.0027712181218970478
3.141592653589793	 -1.7671458676442586	 0.19822349237818243	 0.0028570297541679716

-3.141592653589793	 -1.6689710972195777	 0.182845333138325	 0.002518335697246417
-3.043417883165112	 -1.6689710972195777	 0.19665058101003247	 0.002703901223662086
-2.945243112740431	 -1.6689710972195777	 0.20576998986716785	 0.002847729198177565
-2.84706834231575	 -1.6689710972195777	 0.20593483988307937	 0.0029426517928661856
-2.748893571891069	 -1.6689710972195777	 0.21770364659929406	 0.0029555638037642284
-2.650718801466388	 -1.6689710972195777	 0.2228235779175196	 0.0031780039202153002
-2.552544031041707	 -1.6689710972195777	 0.23348868303019593	 0.003282972005710924
-2.454369260617026	 -1.6689710972195777	 0.23979554323536173	 0.003344209530124953
-2.356194490192345	 -1.6689710972195777	 0.2443839125307663	 0.0034985346047846106
-2.2580197197676637	 -1.6689710972195777	 0.25416564705633604	 0.0035788039306591
-2.1598449493429825	 -1.6689710972195777	 0.25864962847421225	 0.003567329261232527
-2.061670178918302	 -1.6689710972195777	 0.2668376908298855	 0.0037500208895592953
-1.9634954084936207	 -1.6689710972195777	 0.2720443190139864	 0.003754000025821016
-1.8653206380689396	 -1.6689710972195777	 0.2785231505298031	 0.003857260332773878
-1.7671458676442586	 -1.6689710972195777	 0.2816632879554333	 0.003941827971599352
-1.6689710972195777	 -1.6689710972195777	 0.2815352696640845	 0.003940298112378346
-1.5707963267948966	 -1.6689710972195777	 0.28536884733993506	 0.004032228871445232
-1.4726215563702154	 -1.6689710972195777	 0.28371495273504344	 0.004010976633918457
-1.3744467859455345	 -1.6689710972195777	 0.2751419300132507	 0.003904591738605814
-1.2762720155208536	 -1.6689710972195777	 0.2643147790744055	 0.0036562219348981215
-1.1780972450961724	 -1.6689710972195777	 0.2630081358555546	 0.0035616305174193817
-1.0799224746714913	 -1.6689710972195777	 0.24462819618401904	 0.0034528816313236245
-0.9817477042468103	 -1.6689710972195777	 0.22538736073537385	 0.0031320487759723147
-0.8835729338221293	 -1.6689710972195777	 0.2064774526417189	 0.0029230423018139122
-0.7853981633974483	 -1.6689710972195777	 0.1755655291748253	 0.0024834519050743243
-0.6872233929727672	 -1.6689710972195777	 0.1510821185516756	 0.0021888311401825106
-0.5890486225480862	 -1.6689710972195777	 0.12028471925877394	 0.0016857239766465387
-0.4908738521234052	 -1.6689710972195777	 0.0884108247602141	 0.0012718271758036584
-0.39269908169872414	 -1.6689710972195777	 0.06103898649785543	 0.0008685711220972726
-0.2945243112740431	 -1.6689710972195777	 0.03535730018952577	 0.0005005413781831618
-0.19634954084936207	 -1.6689710972195777	 0.016184415095249368	 0.00021924998093241746
-0.09817477042468103	 -1.6689710972195777	 0.004121318436680157	 5.565969164867835e-5
0.0	 -1.6689710972195777	 2.65525172667271e-5	 4.259373292119797e-7
0.09817477042468103	 -1.6689710972195777	 0.004121318436680157	 5.565969164867835e-5
0.19634954084936207	 -1.6689710972195777	 0.016184415095249368	 0.00021924998093241746
0.2945243112740431	 -1.6689710972195777	 0.03535730018952577	 0.0005005413781831618
0.39269908169872414	 -1.6689710972195777	 0.06103898649785543	 0.0008685711220972726
0.4908738521234052	 -1.6689710972195777	 0.0884108247602141	 0.0012718271758036584
0.5890486225480862	 -1.6689710972195777	 0.12028471925877394	 0.0016857239766465387
0.6872233929727672	 -1.6689710972195777	 0.1510821185516756	 0.0021888311401825106
0.7853981633974483	 -1.6689710972195777	 0.1755655291748253	 0.0024834519050743243
0.8835729338221293	 -1.6689710972195777	 0.2064774526417189	 0.0029230423018139122
0.9817477042468103	 -1.6689710972195777	 0.22538736073537385	 0.0031320487759723147
1.0799224746714913	 -1.6689710972195777	 0.24462819618401904	 0.0034528816313236245
1.1780972450961724	 -1.6689710972195777	 0.2630081358555546	 0.0035616305174193817
1.2762720155208536	 -1.6689710972195777	 0.2643147790744055	 0.0036562219348981215
1.3744467859455345	 -1.6689710972195777	 0.2751419300132507	 0.003904591738605814
1.4726215563702154	 -1.6689710972195777	 0.28371495273504344	 0.004010976633918457
1.5707963267948966	 -1.6689710972195777	 0.28536884733993506	 0.004032228871445232
1.6689710972195777	 -1.6689710972195777	 0.2815352696640845	 0.003940298112378346
1.7671458676442586	 -1.6689710972195777	 0.2816632879554333	 0.003941827971599352
1.8653206380689396	 -1.6689710972195777	 0.2785231505298031	 0.003857260332773878
1.9634954084936207	 -1.6689710972195777	 0.2720443190139864	 0.003754000025821016
2.061670178918302	 -1.6689710972195777	 0.2668376908298855	 0.0037500208895592953
2.1598449493429825	 -1.6689710972195777	 0.25864962847421225	 0.003567329261232527
2.2580197197676637	 -1.6689710972195777	 0.25416564705633604	 0.0035788039306591
2.356194490192345	 -1.6689710972195777	 0.2443839125307663	 0.0034985346047846106
2.454369260617026	 -1.6689710972195777	 0.23979554323536173	 0.003344209530124953
2.552544031041707	 -1.6689710972195777	 0.23348868303019593	 0.003282972005710924
2.650718801466388	 -1.6689710972195777	 0.2228235779175196	 0.0031780039202153002
2.748893571891069	 -1.6689710972195777	 0.21770364659929406	 0.0029555638037642284
2.84706834231575	 -1.6689710972195777	 0.20593483988307937	 0.0029426517928661856
2.945243112740431	 -1.6689710972195777	 0.20576998986716785	 0.002847729198177565
3.043417883165112	 -1.6689710972195777	 0.19665058101003247	 0.002703901223662086
3.141592653589793	 -1.6689710972195777	 0.182845333138325	 0.002518335697246417

-3.141592653589793	 -1.5707963267948966	 0.17204421954622098	 0.0023841906426221226
-3.043417883165112	 -1.5707963267948966	 0.18148172664687987	 0.0024642703493086286
-2.945243112740431	 -1.5707963267948966	 0.18751146836426513	 0.0026966154058899127
-2.84706834231575	 -1.5707963267948966	 0.19426671870627887	 0.002723999733221465
-2.748893571891069	 -1.5707963267948966	 0.20053989456503588	 0.0028310110592652048
-2.650718801466388	 -1.5707963267948966	 0.2113607617206523	 0.0028874480249215548
-2.552544031041707	 -1.5707963267948966	 0.22098741985516662	 0.0032881479286575193
-2.454369260617026	 -1.5707963267948966	 0.2261111053594765	 0.0030545096887242985
-2.356194490192345	 -1.5707963267948966	 0.23418189346371435	 0.003371201732094543
-2.2580197197676637	 -1.5707963267948966	 0.241784395158787	 0.003479974941499257
-2.1598449493429825	 -1.5707963267948966	 0.25127776479829583	 0.003540387669463428
-2.061670178918302	 -1.5707963267948966	 0.2646413799263878	 0.0037091800743888565
-1.9634954084936207	 -1.5707963267948966	 0.2677082336675242	 0.0037101448286844746
-1.8653206380689396	 -1.5707963267948966	 0.27332112311948004	 0.003802113738985545
-1.7671458676442586	 -1.5707963267948966	 0.27674352981432315	 0.003802475273369039
-1.6689710972195777	 -1.5707963267948966	 0.2875589275241365	 0.004102803556337276
-1.5707963267948966	 -1.5707963267948966	 0.28751800480715395	 0.0040418907069615494
-1.4726215563702154	 -1.5707963267948966	 0.28791034008759725	 0.0039876123028946674
-1.3744467859455345	 -1.5707963267948966	 0.2847220366298935	 0.00392551357522351
-1.2762720155208536	 -1.5707963267948966	 0.2869286344190017	 0.0038715835222755974
-1.1780972450961724	 -1.5707963267948966	 0.2750902026172719	 0.003967914377492414
-1.0799224746714913	 -1.5707963267948966	 0.2582808833653639	 0.0035132005457500586
-0.9817477042468103	 -1.5707963267948966	 0.24125368789066742	 0.0032987286061254614
-0.8835729338221293	 -1.5707963267948966	 0.21390844332667416	 0.003037628589209549
-0.7853981633974483	 -1.5707963267948966	 0.19432709674790263	 0.002844250580079676
-0.6872233929727672	 -1.5707963267948966	 0.16189834941137704	 0.0022206629911651664
-0.5890486225480862	 -1.5707963267948966	 0.1331850535307829	 0.0018459985047249345
-0.4908738521234052	 -1.5707963267948966	 0.09840610094608807	 0.001417710335200479
-0.39269908169872414	 -1.5707963267948966	 0.06871815025620563	 0.0009422433100811265
-0.2945243112740431	 -1.5707963267948966	 0.040042945331191286	 0.0005622894929432713
-0.19634954084936207	 -1.5707963267948966	 0.018803926763082936	 0.0002703695749394915
-0.09817477042468103	 -1.5707963267948966	 0.004780649111996023	 6.569286831167188e-5
0.0	 -1.5707963267948966	 3.0449615136231994e-5	 4.870120943867342e-7
0.09817477042468103	 -1.5707963267948966	 0.004780649111996023	 6.569286831167188e-5
0.19634954084936207	 -1.5707963267948966	 0.018803926763082936	 0.0002703695749394915
0.2945243112740431	 -1.5707963267948966	 0.040042945331191286	 0.0005622894929432713
0.39269908169872414	 -1.5707963267948966	 0.06871815025620563	 0.0009422433100811265
0.4908738521234052	 -1.5707963267948966	 0.09840610094608807	 0.001417710335200479
0.5890486225480862	 -1.5707963267948966	 0.1331850535307829	 0.0018459985047249345
0.6872233929727672	 -1.5707963267948966	 0.16189834941137704	 0.0022206629911651664
0.7853981633974483	 -1.5707963267948966	 0.19432709674790263	 0.002844250580079676
0.8835729338221293	 -1.5707963267948966	 0.21390844332667416	 0.003037628589209549
0.9817477042468103	 -1.5707963267948966	 0.24125368789066742	 0.0032987286061254614
1.0799224746714913	 -1.5707963267948966	 0.2582808833653639	 0.0035132005457500586
1.1780972450961724	 -1.5707963267948966	 0.2750902026172719	 0.003967914377492414
1.2762720155208536	 -1.5707963267948966	 0.2869286344190017	 0.0038715835222755974
1.3744467859455345	 -1.5707963267948966	 0.2847220366298935	 0.00392551357522351
1.4726215563702154	 -1.5707963267948966	 0.28791034008759725	 0.0039876123028946674
1.5707963267948966	 -1.5707963267948966	 0.28751800480715395	 0.0040418907069615494
1.6689710972195777	 -1.5707963267948966	 0.2875589275241365	 0.004102803556337276
1.7671458676442586	 -1.5707963267948966	 0.27674352981432315	 0.003802475273369039
1.8653206380689396	 -1.5707963267948966	 0.27332112311948004	 0.003802113738985545
1.9634954084936207	 -1.5707963267948966	 0.2677082336675242	 0.0037101448286844746
2.061670178918302	 -1.5707963267948966	 0.2646413799263878	 0.0037091800743888565
2.1598449493429825	 -1.5707963267948966	 0.25127776479829583	 0.003540387669463428
2.2580197197676637	 -1.5707963267948966	 0.241784395158787	 0.003479974941499257
2.356194490192345	 -1.5707963267948966	 0.23418189346371435	 0.003371201732094543
2.454369260617026	 -1.5707963267948966	 0.2261111053594765	 0.0030545096887242985
2.552544031041707	 -1.5707963267948966	 0.22098741985516662	 0.0032881479286575193
2.650718801466388	 -1.5707963267948966	 0.2113607617206523	 0.0028874480249215548
2.748893571891069	 -1.5707963267948966	 0.20053989456503588	 0.0028310110592652048
2.84706834231575	 -1.5707963267948966	 0.19426671870627887	 0.002723999733221465
2.945243112740431	 -1.5707963267948966	 0.18751146836426513	 0.0026966154058899127
3.043417883165112	 -1.5707963267948966	 0.18148172664687987	 0.0024642703493086286
3.141592653589793	 -1.5707963267948966	 0.17204421954622098	 0.0023841906426221226

-3.141592653589793	 -1.4726215563702154	 0.1587291907981676	 0.0022236749530084284
-3.043417883165112	 -1.4726215563702154	 0.16873557630569183	 0.0023125502373967217
-2.945243112740431	 -1.4726215563702154	 0.17412480442886005	 0.0024160816154782452
-2.84706834231575	 -1.4726215563702154	 0.18220704846023447	 0.0026451528509278794
-2.748893571891069	 -1.4726215563702154	 0.1877145290268402	 0.0025900640210400195
-2.650718801466388	 -1.4726215563702154	 0.1942222439131019	 0.0026278086257314425
-2.552544031041707	 -1.4726215563702154	 0.20942825401609547	 0.0029431556136999726
-2.454369260617026	 -1.4726215563702154	 0.21142804941862708	 0.00290649931962941
-2.356194490192345	 -1.4726215563702154	 0.22107079446323083	 0.0030661788191581533
-2.2580197197676637	 -1.4726215563702154	 0.23285700028542874	 0.003279639812346843
-2.1598449493429825	 -1.4726215563702154	 0.24141074292464948	 0.0031828379359086847
-2.061670178918302	 -1.4726215563702154	 0.25025180587631796	 0.0035249477954124066
-1.9634954084936207	 -1.4726215563702154	 0.26141267287258696	 0.0036760093080267717
-1.8653206380689396	 -1.4726215563702154	 0.2695352691884181	 0.0036111743153262035
-1.7671458676442586	 -1.4726215563702154	 0.27419284400727906	 0.0038285755208526534
-1.6689710972195777	 -1.4726215563702154	 0.2798010617104837	 0.003840892007161395
-1.5707963267948966	 -1.4726215563702154	 0.290615644640004	 0.004167071022165901
-1.4726215563702154	 -1.4726215563702154	 0.2871756403389956	 0.0038679635636875566
-1.3744467859455345	 -1.4726215563702154	 0.29282873429405637	 0.004127211364721894
-1.2762720155208536	 -1.4726215563702154	 0.2890636095543979	 0.0038074898795874812
-1.1780972450961724	 -1.4726215563702154	 0.28796775360197197	 0.003931718688368012
-1.0799224746714913	 -1.4726215563702154	 0.2777659401081416	 0.0039551389163629035
-0.9817477042468103	 -1.4726215563702154	 0.25165905280430734	 0.0036204016830638786
-0.8835729338221293	 -1.4726215563702154	 0.2391659315054018	 0.003328994532421654
-0.7853981633974483	 -1.4726215563702154	 0.2133026649889537	 0.0030797441732790033
-0.6872233929727672	 -1.4726215563702154	 0.17837069603061656	 0.0024524733871512006
-0.5890486225480862	 -1.4726215563702154	 0.1485771676684963	 0.002032803520586705
-0.4908738521234052	 -1.4726215563702154	 0.10811026383964724	 0.0015303422423349898
-0.39269908169872414	 -1.4726215563702154	 0.07786873288527718	 0.001056558852625261
-0.2945243112740431	 -1.4726215563702154	 0.04572049032489749	 0.0006405011166008387
-0.19634954084936207	 -1.4726215563702154	 0.021205774459348174	 0.0002890300718727339
-0.09817477042468103	 -1.4726215563702154	 0.005480214382795982	 7.753395633860141e-5
0.0	 -1.4726215563702154	 3.446830514929028e-5	 5.925887357998824e-7
0.09817477042468103	 -1.4726215563702154	 0.005480214382795982	 7.753395633860141e-5
0.19634954084936207	 -1.4726215563702154	 0.021205774459348174	 0.0002890300718727339
0.2945243112740431	 -1.4726215563702154	 0.04572049032489749	 0.0006405011166008387
0.39269908169872414	 -1.4726215563702154	 0.07786873288527718	 0.001056558852625261
0.4908738521234052	 -1.4726215563702154	 0.10811026383964724	 0.0015303422423349898
0.5890486225480862	 -1.4726215563702154	 0.1485771676684963	 0.002032803520586705
0.6872233929727672	 -1.4726215563702154	 0.17837069603061656	 0.0024524733871512006
0.7853981633974483	 -1.4726215563702154	 0.2133026649889537	 0.0030797441732790033
0.8835729338221293	 -1.4726215563702154	 0.2391659315054018	 0.003328994532421654
0.9817477042468103	 -1.4726215563702154	 0.25165905280430734	 0.0036204016830638786
1.0799224746714913	 -1.4726215563702154	 0.2777659401081416	 0.0039551389163629035
1.1780972450961724	 -1.4726215563702154	 0.28796775360197197	 0.003931718688368012
1.2762720155208536	 -1.4726215563702154	 0.2890636095543979	 0.0038074898795874812
1.3744467859455345	 -1.4726215563702154	 0.29282873429405637	 0.004127211364721894
1.4726215563702154	 -1.4726215563702154	 0.2871756403389956	 0.0038679635636875566
1.5707963267948966	 -1.4726215563702154	 0.290615644640004	 0.004167071022165901
1.6689710972195777	 -1.4726215563702154	 0.2798010617104837	 0.003840892007161395
1.7671458676442586	 -1.4726215563702154	 0.27419284400727906	 0.0038285755208526534
1.8653206380689396	 -1.4726215563702154	 0.2695352691884181	 0.0036111743153262035
1.9634954084936207	 -1.4726215563702154	 0.26141267287258696	 0.0036760093080267717
2.061670178918302	 -1.4726215563702154	 0.25025180587631796	 0.0035249477954124066
2.1598449493429825	 -1.4726215563702154	 0.24141074292464948	 0.0031828379359086847
2.2580197197676637	 -1.4726215563702154	 0.23285700028542874	 0.003279639812346843
2.356194490192345	 -1.4726215563702154	 0.22107079446323083	 0.0030661788191581533
2.454369260617026	 -1.4726215563702154	 0.21142804941862708	 0.00290649931962941
2.552544031041707	 -1.4726215563702154	 0.20942825401609547	 0.0029431556136999726
2.650718801466388	 -1.4726215563702154	 0.1942222439131019	 0.0026278086257314425
2.748893571891069	 -1.4726215563702154	 0.1877145290268402	 0.0025900640210400195
2.84706834231575	 -1.4726215563702154	 0.18220704846023447	 0.0026451528509278794
2.945243112740431	 -1.4726215563702154	 0.17412480442886005	 0.0024160816154782452
3.043417883165112	 -1.4726215563702154	 0.16873557630569183	 0.0023125502373967217
3.141592653589793	 -1.4726215563702154	 0.1587291907981676	 0.0022236749530084284

-3.141592653589793	 -1.3744467859455345	 0.14504667435284654	 0.002066701003988115
-3.043417883165112	 -1.3744467859455345	 0.15376652448127906	 0.002209273421810483
-2.945243112740431	 -1.3744467859455345	 0.16194768679691227	 0.0022032190683273843
-2.84706834231575	 -1.3744467859455345	 0.1682630535762715	 0.0024192561231077526
-2.748893571891069	 -1.3744467859455345	 0.17940298093162457	 0.002446624898383695
-2.650718801466388	 -1.3744467859455345	 0.1844952884197162	 0.0026079894999088476
-2.552544031041707	 -1.3744467859455345	 0.19411416825644826	 0.0028291643066370364
-2.454369260617026	 -1.3744467859455345	 0.20294312608608853	 0.0027664720096050367
-2.356194490192345	 -1.3744467859455345	 0.21033837285552795	 0.0029920690625708755
-2.2580197197676637	 -1.3744467859455345	 0.22089718602502112	 0.002996913904080271
-2.1598449493429825	 -1.3744467859455345	 0.2290680944302406	 0.0030494352526990393
-2.061670178918302	 -1.3744467859455345	 0.23711593153847496	 0.003176813903464499
-1.9634954084936207	 -1.3744467859455345	 0.2486015581872225	 0.0034538209940669765
-1.8653206380689396	 -1.3744467859455345	 0.26503752593293184	 0.003619862027461809
-1.7671458676442586	 -1.3744467859455345	 0.2665805275543584	 0.003672242264635822
-1.6689710972195777	 -1.3744467859455345	 0.27883607927974396	 0.0037024660435038175
-1.5707963267948966	 -1.3744467859455345	 0.29067617025139814	 0.003978713770315719
-1.4726215563702154	 -1.3744467859455345	 0.285945651015173	 0.003932282478279558
-1.3744467859455345	 -1.3744467859455345	 0.29410203792284867	 0.004165731354748979
-1.2762720155208536	 -1.3744467859455345	 0.297553929018899	 0.004296083119412941
-1.1780972450961724	 -1.3744467859455345	 0.29423057404125286	 0.004066972466045698
-1.0799224746714913	 -1.3744467859455345	 0.2804924048542528	 0.003860712371058963
-0.9817477042468103	 -1.3744467859455345	 0.27538459358268713	 0.003989935844061972
-0.8835729338221293	 -1.3744467859455345	 0.2517392447961788	 0.0035535118336834028
-0.7853981633974483	 -1.3744467859455345	 0.22664929706692366	 0.003097161862031529
-0.6872233929727672	 -1.3744467859455345	 0.20019988360356866	 0.0027716665478492906
-0.5890486225480862	 -1.3744467859455345	 0.16165082135807787	 0.0022731862137901323
-0.4908738521234052	 -1.3744467859455345	 0.12800309220877903	 0.0017616511939944999
-0.39269908169872414	 -1.3744467859455345	 0.08626951043136198	 0.001199969937557622
-0.2945243112740431	 -1.3744467859455345	 0.05244688424378756	 0.000742227796325292
-0.19634954084936207	 -1.3744467859455345	 0.025722370345026294	 0.00036162103558231
-0.09817477042468103	 -1.3744467859455345	 0.006598297348725502	 9.433642484392127e-5
0.0	 -1.3744467859455345	 3.9929715509507054e-5	 6.30340580216132e-7
0.09817477042468103	 -1.3744467859455345	 0.006598297348725502	 9.433642484392127e-5
0.19634954084936207	 -1.3744467859455345	 0.025722370345026294	 0.00036162103558231
0.2945243112740431	 -1.3744467859455345	 0.05244688424378756	 0.000742227796325292
0.39269908169872414	 -1.3744467859455345	 0.08626951043136198	 0.001199969937557622
0.4908738521234052	 -1.3744467859455345	 0.12800309220877903	 0.0017616511939944999
0.5890486225480862	 -1.3744467859455345	 0.16165082135807787	 0.0022731862137901323
0.6872233929727672	 -1.3744467859455345	 0.20019988360356866	 0.0027716665478492906
0.7853981633974483	 -1.3744467859455345	 0.22664929706692366	 0.003097161862031529
0.8835729338221293	 -1.3744467859455345	 0.2517392447961788	 0.0035535118336834028
0.9817477042468103	 -1.3744467859455345	 0.27538459358268713	 0.003989935844061972
1.0799224746714913	 -1.3744467859455345	 0.2804924048542528	 0.003860712371058963
1.1780972450961724	 -1.3744467859455345	 0.29423057404125286	 0.004066972466045698
1.2762720155208536	 -1.3744467859455345	 0.297553929018899	 0.004296083119412941
1.3744467859455345	 -1.3744467859455345	 0.29410203792284867	 0.004165731354748979
1.4726215563702154	 -1.3744467859455345	 0.285945651015173	 0.003932282478279558
1.5707963267948966	 -1.3744467859455345	 0.29067617025139814	 0.003978713770315719
1.6689710972195777	 -1.3744467859455345	 0.27883607927974396	 0.0037024660435038175
1.7671458676442586	 -1.3744467859455345	 0.2665805275543584	 0.003672242264635822
1.8653206380689396	 -1.3744467859455345	 0.26503752593293184	 0.003619862027461809
1.9634954084936207	 -1.3744467859455345	 0.2486015581872225	 0.0034538209940669765
2.061670178918302	 -1.3744467859455345	 0.23711593153847496	 0.003176813903464499
2.1598449493429825	 -1.3744467859455345	 0.2290680944302406	 0.0030494352526990393
2.2580197197676637	 -1.3744467859455345	 0.22089718602502112	 0.002996913904080271
2.356194490192345	 -1.3744467859455345	 0.21033837285552795	 0.0029920690625708755
2.454369260617026	 -1.3744467859455345	 0.20294312608608853	 0.0027664720096050367
2.552544031041707	 -1.3744467859455345	 0.19411416825644826	 0.0028291643066370364
2.650718801466388	 -1.3744467859455345	 0.1844952884197162	 0.0026079894999088476
2.748893571891069	 -1.3744467859455345	 0.17940298093162457	 0.002446624898383695
2.84706834231575	 -1.3744467859455345	 0.1682630535762715	 0.0024192561231077526
2.945243112740431	 -1.3744467859455345	 0.16194768679691227	 0.0022032190683273843
3.043417883165112	 -1.3744467859455345	 0.15376652448127906	 0.002209273421810483
3.141592653589793	 -1.3744467859455345	 0.14504667435284654	 0.002066701003988115

-3.141592653589793	 -1.2762720155208536	 0.13268645556602177	 0.001860940213793266
-3.043417883165112	 -1.2762720155208536	 0.13736065964914576	 0.0019307917205159777
-2.945243112740431	 -1.2762720155208536	 0.1421213150795874	 0.002029208939408104
-2.84706834231575	 -1.2762720155208536	 0.15143131589336692	 0.002181272730853882
-2.748893571891069	 -1.2762720155208536	 0.16204753849560954	 0.0023189674463907
-2.650718801466388	 -1.2762720155208536	 0.16623023059204267	 0.002268614603324801
-2.552544031041707	 -1.2762720155208536	 0.17407638595259078	 0.0024651346579866182
-2.454369260617026	 -1.2762720155208536	 0.18662347211620853	 0.0027653192520414233
-2.356194490192345	 -1.2762720155208536	 0.19318459154027626	 0.0027287464646220676
-2.2580197197676637	 -1.2762720155208536	 0.20616272114364942	 0.003062990158266662
-2.1598449493429825	 -1.2762720155208536	 0.20907992863843136	 0.0028189863477643545
-2.061670178918302	 -1.2762720155208536	 0.2254419425594066	 0.0031905837833702657
-1.9634954084936207	 -1.2762720155208536	 0.23571934495979116	 0.003261649110166129
-1.8653206380689396	 -1.2762720155208536	 0.2503728246139889	 0.003392416894751265
-1.7671458676442586	 -1.2762720155208536	 0.26172321756668965	 0.0034783211919225416
-1.6689710972195777	 -1.2762720155208536	 0.2741215091055001	 0.003673339037375577
-1.5707963267948966	 -1.2762720155208536	 0.27255226077455336	 0.00381257150757476
-1.4726215563702154	 -1.2762720155208536	 0.28346169751429695	 0.0038897072520023145
-1.3744467859455345	 -1.2762720155208536	 0.30634639218110793	 0.0043209239607413415
-1.2762720155208536	 -1.2762720155208536	 0.2955497648139267	 0.004307591627034331
-1.1780972450961724	 -1.2762720155208536	 0.30762588830762966	 0.0045037192407575205
-1.0799224746714913	 -1.2762720155208536	 0.29498895578454354	 0.004262813133365862
-0.9817477042468103	 -1.2762720155208536	 0.28565756786868385	 0.004032448039676991
-0.8835729338221293	 -1.2762720155208536	 0.2749465370633186	 0.0037832114824999817
-0.7853981633974483	 -1.2762720155208536	 0.2496031125685307	 0.003401673157183149
-0.6872233929727672	 -1.2762720155208536	 0.2170662177929996	 0.0030925197227465776
-0.5890486225480862	 -1.2762720155208536	 0.1836940554148195	 0.0025594656024651723
-0.4908738521234052	 -1.2762720155208536	 0.14123147476045758	 0.0019697873580622276
-0.39269908169872414	 -1.2762720155208536	 0.09958518029177701	 0.0014160445509042682
-0.2945243112740431	 -1.2762720155208536	 0.06154128028247195	 0.0008575346442071642
-0.19634954084936207	 -1.2762720155208536	 0.029223023214045057	 0.0004138370165581991
-0.09817477042468103	 -1.2762720155208536	 0.007556258852128326	 0.00010332681336982952
0.0	 -1.2762720155208536	 4.6602300397666145e-5	 7.846652628881835e-7
0.09817477042468103	 -1.2762720155208536	 0.007556258852128326	 0.00010332681336982952
0.19634954084936207	 -1.2762720155208536	 0.029223023214045057	 0.0004138370165581991
0.2945243112740431	 -1.2762720155208536	 0.06154128028247195	 0.0008575346442071642
0.39269908169872414	 -1.2762720155208536	 0.09958518029177701	 0.0014160445509042682
0.4908738521234052	 -1.2762720155208536	 0.14123147476045758	 0.0019697873580622276
0.5890486225480862	 -1.2762720155208536	 0.1836940554148195	 0.0025594656024651723
0.6872233929727672	 -1.2762720155208536	 0.2170662177929996	 0.0030925197227465776
0.7853981633974483	 -1.2762720155208536	 0.2496031125685307	 0.003401673157183149
0.8835729338221293	 -1.2762720155208536	 0.2749465370633186	 0.0037832114824999817
0.9817477042468103	 -1.2762720155208536	 0.28565756786868385	 0.004032448039676991
1.0799224746714913	 -1.2762720155208536	 0.29498895578454354	 0.004262813133365862
1.1780972450961724	 -1.2762720155208536	 0.30762588830762966	 0.0045037192407575205
1.2762720155208536	 -1.2762720155208536	 0.2955497648139267	 0.004307591627034331
1.3744467859455345	 -1.2762720155208536	 0.30634639218110793	 0.0043209239607413415
1.4726215563702154	 -1.2762720155208536	 0.28346169751429695	 0.0038897072520023145
1.5707963267948966	 -1.2762720155208536	 0.27255226077455336	 0.00381257150757476
1.6689710972195777	 -1.2762720155208536	 0.2741215091055001	 0.003673339037375577
1.7671458676442586	 -1.2762720155208536	 0.26172321756668965	 0.0034783211919225416
1.8653206380689396	 -1.2762720155208536	 0.2503728246139889	 0.003392416894751265
1.9634954084936207	 -1.2762720155208536	 0.23571934495979116	 0.003261649110166129
2.061670178918302	 -1.2762720155208536	 0.2254419425594066	 0.0031905837833702657
2.1598449493429825	 -1.2762720155208536	 0.20907992863843136	 0.0028189863477643545
2.2580197197676637	 -1.2762720155208536	 0.20616272114364942	 0.003062990158266662
2.356194490192345	 -1.2762720155208536	 0.19318459154027626	 0.0027287464646220676
2.454369260617026	 -1.2762720155208536	 0.18662347211620853	 0.0027653192520414233
2.552544031041707	 -1.2762720155208536	 0.17407638595259078	 0.0024651346579866182
2.650718801466388	 -1.2762720155208536	 0.16623023059204267	 0.002268614603324801
2.748893571891069	 -1.2762720155208536	 0.16204753849560954	 0.0023189674463907
2.84706834231575	 -1.2762720155208536	 0.15143131589336692	 0.002181272730853882
2.945243112740431	 -1.2762720155208536	 0.1421213150795874	 0.002029208939408104
3.043417883165112	 -1.2762720155208536	 0.13736065964914576	 0.0019307917205159777
3.141592653589793	 -1.2762720155208536	 0.13268645556602177	 0.001860940213793266

-3.141592653589793	 -1.1780972450961724	 0.11595952711854036	 0.0016378482680591072
-3.043417883165112	 -1.1780972450961724	 0.12332345569921951	 0.001790127167302121
-2.945243112740431	 -1.1780972450961724	 0.13110111702095348	 0.001777389761764041
-2.84706834231575	 -1.1780972450961724	 0.1364873444098993	 0.0020472887138749895
-2.748893571891069	 -1.1780972450961724	 0.1442669792870965	 0.002055601870942472
-2.650718801466388	 -1.1780972450961724	 0.1496878973259192	 0.002128070262562474
-2.552544031041707	 -1.1780972450961724	 0.16251186344756907	 0.00224049039239375
-2.454369260617026	 -1.1780972450961724	 0.1686691481360284	 0.0022785552916099227
-2.356194490192345	 -1.1780972450961724	 0.18165947331643206	 0.0025469474134834427
-2.2580197197676637	 -1.1780972450961724	 0.19219150556688053	 0.002736090703185228
-2.1598449493429825	 -1.1780972450961724	 0.20175396407116888	 0.0027835270034849906
-2.061670178918302	 -1.1780972450961724	 0.21109875866093786	 0.0030389846706963
-1.9634954084936207	 -1.1780972450961724	 0.22129540239773496	 0.003130691552983324
-1.8653206380689396	 -1.1780972450961724	 0.23277350551058096	 0.0033233763494165333
-1.7671458676442586	 -1.1780972450961724	 0.24828192529371007	 0.003479747879895386
-1.6689710972195777	 -1.1780972450961724	 0.26425556838603015	 0.0035865293841638632
-1.5707963267948966	 -1.1780972450961724	 0.2690481857305074	 0.003911506780441967
-1.4726215563702154	 -1.1780972450961724	 0.28046307981847124	 0.00396155880225259
-1.3744467859455345	 -1.1780972450961724	 0.29815552418415486	 0.004139142905530836
-1.2762720155208536	 -1.1780972450961724	 0.3030502564632659	 0.004210769381319053
-1.1780972450961724	 -1.1780972450961724	 0.30631374973252273	 0.00427137642738203
-1.0799224746714913	 -1.1780972450961724	 0.3054815437075026	 0.004363154870576401
-0.9817477042468103	 -1.1780972450961724	 0.3042236083737946	 0.004242845735200057
-0.8835729338221293	 -1.1780972450961724	 0.2876850368361755	 0.0038885362920476163
-0.7853981633974483	 -1.1780972450961724	 0.27821025895627605	 0.0038536602335461287
-0.6872233929727672	 -1.1780972450961724	 0.2419198225502863	 0.003442870653401745
-0.5890486225480862	 -1.1780972450961724	 0.20751830998571585	 0.0029612928494311156
-0.4908738521234052	 -1.1780972450961724	 0.16139255186263726	 0.0022522425502909454
-0.39269908169872414	 -1.1780972450961724	 0.11638302728190844	 0.0016902029343749067
-0.2945243112740431	 -1.1780972450961724	 0.07297229312282963	 0.0009994503242257136
-0.19634954084936207	 -1.1780972450961724	 0.035061111368620584	 0.00048226275175918313
-0.09817477042468103	 -1.1780972450961724	 0.008871334167469309	 0.00012257288569283718
0.0	 -1.1780972450961724	 5.42113566050614e-5	 9.534482076878658e-7
0.09817477042468103	 -1.1780972450961724	 0.008871334167469309	 0.00012257288569283718
0.19634954084936207	 -1.1780972450961724	 0.035061111368620584	 0.00048226275175918313
0.2945243112740431	 -1.1780972450961724	 0.07297229312282963	 0.0009994503242257136
0.39269908169872414	 -1.1780972450961724	 0.11638302728190844	 0.0016902029343749067
0.4908738521234052	 -1.1780972450961724	 0.16139255186263726	 0.0022522425502909454
0.5890486225480862	 -1.1780972450961724	 0.20751830998571585	 0.0029612928494311156
0.6872233929727672	 -1.1780972450961724	 0.2419198225502863	 0.003442870653401745
0.7853981633974483	 -1.1780972450961724	 0.27821025895627605	 0.0038536602335461287
0.8835729338221293	 -1.1780972450961724	 0.2876850368361755	 0.0038885362920476163
0.9817477042468103	 -1.1780972450961724	 0.3042236083737946	 0.004242845735200057
1.0799224746714913	 -1.1780972450961724	 0.3054815437075026	 0.004363154870576401
1.1780972450961724	 -1.1780972450961724	 0.30631374973252273	 0.00427137642738203
1.2762720155208536	 -1.1780972450961724	 0.3030502564632659	 0.004210769381319053
1.3744467859455345	 -1.1780972450961724	 0.29815552418415486	 0.004139142905530836
1.4726215563702154	 -1.1780972450961724	 0.28046307981847124	 0.00396155880225259
1.5707963267948966	 -1.1780972450961724	 0.2690481857305074	 0.003911506780441967
1.6689710972195777	 -1.1780972450961724	 0.26425556838603015	 0.0035865293841638632
1.7671458676442586	 -1.1780972450961724	 0.24828192529371007	 0.003479747879895386
1.8653206380689396	 -1.1780972450961724	 0.23277350551058096	 0.0033233763494165333
1.9634954084936207	 -1.1780972450961724	 0.22129540239773496	 0.003130691552983324
2.061670178918302	 -1.1780972450961724	 0.21109875866093786	 0.0030389846706963
2.1598449493429825	 -1.1780972450961724	 0.20175396407116888	 0.0027835270034849906
2.2580197197676637	 -1.1780972450961724	 0.19219150556688053	 0.002736090703185228
2.356194490192345	 -1.1780972450961724	 0.18165947331643206	 0.0025469474134834427
2.454369260617026	 -1.1780972450961724	 0.1686691481360284	 0.0022785552916099227
2.552544031041707	 -1.1780972450961724	 0.16251186344756907	 0.00224049039239375
2.650718801466388	 -1.1780972450961724	 0.1496878973259192	 0.002128070262562474
2.748893571891069	 -1.1780972450961724	 0.1442669792870965	 0.002055601870942472
2.84706834231575	 -1.1780972450961724	 0.1364873444098993	 0.0020472887138749895
2.945243112740431	 -1.1780972450961724	 0.13110111702095348	 0.001777389761764041
3.043417883165112	 -1.1780972450961724	 0.12332345569921951	 0.001790127167302121
3.141592653589793	 -1.1780972450961724	 0.11595952711854036	 0.0016378482680591072

-3.141592653589793	 -1.0799224746714913	 0.10305074000535633	 0.0013862213392656607
-3.043417883165112	 -1.0799224746714913	 0.10743725499828302	 0.0015185176559126437
-2.945243112740431	 -1.0799224746714913	 0.1115059918349383	 0.0016322875166711699
-2.84706834231575	 -1.0799224746714913	 0.11995253746920981	 0.001692292609915539
-2.748893571891069	 -1.0799224746714913	 0.12764969217874209	 0.0017981051817229617
-2.650718801466388	 -1.0799224746714913	 0.1371145380881467	 0.0019027086628737862
-2.552544031041707	 -1.0799224746714913	 0.14303243252293898	 0.001967435631291705
-2.454369260617026	 -1.0799224746714913	 0.1528535192301567	 0.0021277849207648556
-2.356194490192345	 -1.0799224746714913	 0.16230573093636338	 0.002246400444572918
-2.2580197197676637	 -1.0799224746714913	 0.17423916307942974	 0.0025113140464807456
-2.1598449493429825	 -1.0799224746714913	 0.18414530819747765	 0.002557087752895992
-2.061670178918302	 -1.0799224746714913	 0.19202952696938946	 0.002714146130977094
-1.9634954084936207	 -1.0799224746714913	 0.20467384613366316	 0.002849296306632652
-1.8653206380689396	 -1.0799224746714913	 0.2113053156964503	 0.003028917109025983
-1.7671458676442586	 -1.0799224746714913	 0.22884455722089697	 0.003089129702262933
-1.6689710972195777	 -1.0799224746714913	 0.24781172602424317	 0.00346405478791789
-1.5707963267948966	 -1.0799224746714913	 0.26001079449533104	 0.003564357266755438
-1.4726215563702154	 -1.0799224746714913	 0.2703162345965544	 0.0037718057674813897
-1.3744467859455345	 -1.0799224746714913	 0.28575643905570475	 0.00426137296948037
-1.2762720155208536	 -1.0799224746714913	 0.2977887164965899	 0.004107588395526377
-1.1780972450961724	 -1.0799224746714913	 0.3066539620570499	 0.004319427242176413
-1.0799224746714913	 -1.0799224746714913	 0.31492393581027256	 0.004391177091470957
-0.9817477042468103	 -1.0799224746714913	 0.3072247391817891	 0.004237806235663608
-0.8835729338221293	 -1.0799224746714913	 0.30446275139773654	 0.0041157849263402145
-0.7853981633974483	 -1.0799224746714913	 0.2882362280659896	 0.003972849727466986
-0.6872233929727672	 -1.0799224746714913	 0.2620588278355811	 0.0036803084491480913
-0.5890486225480862	 -1.0799224746714913	 0.22682180640422805	 0.003162974780154359
-0.4908738521234052	 -1.0799224746714913	 0.18504144449772267	 0.002595887713526599
-0.39269908169872414	 -1.0799224746714913	 0.13533724913317907	 0.0018701979327907384
-0.2945243112740431	 -1.0799224746714913	 0.08566694959236595	 0.0011968981610739515
-0.19634954084936207	 -1.0799224746714913	 0.0410297581436936	 0.0005652172495668257
-0.09817477042468103	 -1.0799224746714913	 0.010806882145263397	 0.00015313403093998292
0.0	 -1.0799224746714913	 6.337915929833584e-5	 1.0606452101281427e-6
0.09817477042468103	 -1.0799224746714913	 0.010806882145263397	 0.00015313403093998292
0.19634954084936207	 -1.0799224746714913	 0.0410297581436936	 0.0005652172495668257
0.2945243112740431	 -1.0799224746714913	 0.08566694959236595	 0.0011968981610739515
0.39269908169872414	 -1.0799224746714913	 0.13533724913317907	 0.0018701979327907384
0.4908738521234052	 -1.0799224746714913	 0.18504144449772267	 0.002595887713526599
0.5890486225480862	 -1.0799224746714913	 0.22682180640422805	 0.003162974780154359
0.6872233929727672	 -1.0799224746714913	 0.2620588278355811	 0.0036803084491480913
0.7853981633974483	 -1.0799224746714913	 0.2882362280659896	 0.003972849727466986
0.8835729338221293	 -1.0799224746714913	 0.30446275139773654	 0.0041157849263402145
0.9817477042468103	 -1.0799224746714913	 0.3072247391817891	 0.004237806235663608
1.0799224746714913	 -1.0799224746714913	 0.31492393581027256	 0.004391177091470957
1.1780972450961724	 -1.0799224746714913	 0.3066539620570499	 0.004319427242176413
1.2762720155208536	 -1.0799224746714913	 0.2977887164965899	 0.004107588395526377
1.3744467859455345	 -1.0799224746714913	 0.28575643905570475	 0.00426137296948037
1.4726215563702154	 -1.0799224746714913	 0.2703162345965544	 0.0037718057674813897
1.5707963267948966	 -1.0799224746714913	 0.26001079449533104	 0.003564357266755438
1.6689710972195777	 -1.0799224746714913	 0.24781172602424317	 0.00346405478791789
1.7671458676442586	 -1.0799224746714913	 0.22884455722089697	 0.003089129702262933
1.8653206380689396	 -1.0799224746714913	 0.2113053156964503	 0.003028917109025983
1.9634954084936207	 -1.0799224746714913	 0.20467384613366316	 0.002849296306632652
2.061670178918302	 -1.0799224746714913	 0.19202952696938946	 0.002714146130977094
2.1598449493429825	 -1.0799224746714913	 0.18414530819747765	 0.002557087752895992
2.2580197197676637	 -1.0799224746714913	 0.17423916307942974	 0.0025113140464807456
2.356194490192345	 -1.0799224746714913	 0.16230573093636338	 0.002246400444572918
2.454369260617026	 -1.0799224746714913	 0.1528535192301567	 0.0021277849207648556
2.552544031041707	 -1.0799224746714913	 0.14303243252293898	 0.001967435631291705
2.650718801466388	 -1.0799224746714913	 0.1371145380881467	 0.0019027086628737862
2.748893571891069	 -1.0799224746714913	 0.12764969217874209	 0.0017981051817229617
2.84706834231575	 -1.0799224746714913	 0.11995253746920981	 0.001692292609915539
2.945243112740431	 -1.0799224746714913	 0.1115059918349383	 0.0016322875166711699
3.043417883165112	 -1.0799224746714913	 0.10743725499828302	 0.0015185176559126437
3.141592653589793	 -1.0799224746714913	 0.10305074000535633	 0.0013862213392656607

-3.141592653589793	 -0.9817477042468103	 0.08873399535462063	 0.001257232714264736
-3.043417883165112	 -0.9817477042468103	 0.09707687235044338	 0.001338866387086982
-2.945243112740431	 -0.9817477042468103	 0.0985875418062116	 0.0013623664837585368
-2.84706834231575	 -0.9817477042468103	 0.10319655455908726	 0.001478358648271202
-2.748893571891069	 -0.9817477042468103	 0.11216157685100228	 0.0015302407777739347
-2.650718801466388	 -0.9817477042468103	 0.11670385252350957	 0.0016092573401667986
-2.552544031041707	 -0.9817477042468103	 0.12186866276232991	 0.0016976754676513465
-2.454369260617026	 -0.9817477042468103	 0.13255404721461114	 0.0019109578876881077
-2.356194490192345	 -0.9817477042468103	 0.1382632422645055	 0.0019809898206330366
-2.2580197197676637	 -0.9817477042468103	 0.1488554535547098	 0.0021400529730984685
-2.1598449493429825	 -0.9817477042468103	 0.1649188326235199	 0.002452740911490319
-2.061670178918302	 -0.9817477042468103	 0.17129628540708108	 0.0023273264945298053
-1.9634954084936207	 -0.9817477042468103	 0.1789158751107096	 0.0025276456624578575
-1.8653206380689396	 -0.9817477042468103	 0.19926613267055363	 0.0027524318797657876
-1.7671458676442586	 -0.9817477042468103	 0.21515863184435471	 0.003072826615056356
-1.6689710972195777	 -0.9817477042468103	 0.22757226262746766	 0.003195023735363235
-1.5707963267948966	 -0.9817477042468103	 0.24034777169235885	 0.0033297003345896608
-1.4726215563702154	 -0.9817477042468103	 0.25627602337006683	 0.00360941661637851
-1.3744467859455345	 -0.9817477042468103	 0.2737218823815478	 0.0039058025928330325
-1.2762720155208536	 -0.9817477042468103	 0.28715259751888755	 0.004078138406115934
-1.1780972450961724	 -0.9817477042468103	 0.30041307204901635	 0.004210723148136868
-1.0799224746714913	 -0.9817477042468103	 0.313635448069176	 0.004531333588073815
-0.9817477042468103	 -0.9817477042468103	 0.3169752163290963	 0.0045769165809979116
-0.8835729338221293	 -0.9817477042468103	 0.32080390662451524	 0.004385445678554033
-0.7853981633974483	 -0.9817477042468103	 0.3083781466093175	 0.004399182181059357
-0.6872233929727672	 -0.9817477042468103	 0.29548308047986466	 0.0041280202595765725
-0.5890486225480862	 -0.9817477042468103	 0.25626625001523845	 0.003484265656157661
-0.4908738521234052	 -0.9817477042468103	 0.2093001768222844	 0.0030113048780169467
-0.39269908169872414	 -0.9817477042468103	 0.1568143704526468	 0.002236805474677516
-0.2945243112740431	 -0.9817477042468103	 0.10216866587697951	 0.0014476483492781513
-0.19634954084936207	 -0.9817477042468103	 0.0486278193776348	 0.0006826262565412425
-0.09817477042468103	 -0.9817477042468103	 0.013353551310480317	 0.00019251335415658538
0.0	 -0.9817477042468103	 7.794309947733381e-5	 1.3176114549506968e-6
0.09817477042468103	 -0.9817477042468103	 0.013353551310480317	 0.00019251335415658538
0.19634954084936207	 -0.9817477042468103	 0.0486278193776348	 0.0006826262565412425
0.2945243112740431	 -0.9817477042468103	 0.10216866587697951	 0.0014476483492781513
0.39269908169872414	 -0.9817477042468103	 0.1568143704526468	 0.002236805474677516
0.4908738521234052	 -0.9817477042468103	 0.2093001768222844	 0.0030113048780169467
0.5890486225480862	 -0.9817477042468103	 0.25626625001523845	 0.003484265656157661
0.6872233929727672	 -0.9817477042468103	 0.29548308047986466	 0.0041280202595765725
0.7853981633974483	 -0.9817477042468103	 0.3083781466093175	 0.004399182181059357
0.8835729338221293	 -0.9817477042468103	 0.32080390662451524	 0.004385445678554033
0.9817477042468103	 -0.9817477042468103	 0.3169752163290963	 0.0045769165809979116
1.0799224746714913	 -0.9817477042468103	 0.313635448069176	 0.004531333588073815
1.1780972450961724	 -0.9817477042468103	 0.30041307204901635	 0.004210723148136868
1.2762720155208536	 -0.9817477042468103	 0.28715259751888755	 0.004078138406115934
1.3744467859455345	 -0.9817477042468103	 0.2737218823815478	 0.0039058025928330325
1.4726215563702154	 -0.9817477042468103	 0.25627602337006683	 0.00360941661637851
1.5707963267948966	 -0.9817477042468103	 0.24034777169235885	 0.0033297003345896608
1.6689710972195777	 -0.9817477042468103	 0.22757226262746766	 0.003195023735363235
1.7671458676442586	 -0.9817477042468103	 0.21515863184435471	 0.003072826615056356
1.8653206380689396	 -0.9817477042468103	 0.19926613267055363	 0.0027524318797657876
1.9634954084936207	 -0.9817477042468103	 0.1789158751107096	 0.0025276456624578575
2.061670178918302	 -0.9817477042468103	 0.17129628540708108	 0.0023273264945298053
2.1598449493429825	 -0.9817477042468103	 0.1649188326235199	 0.002452740911490319
2.2580197197676637	 -0.9817477042468103	 0.1488554535547098	 0.0021400529730984685
2.356194490192345	 -0.9817477042468103	 0.1382632422645055	 0.0019809898206330366
2.454369260617026	 -0.9817477042468103	 0.13255404721461114	 0.0019109578876881077
2.552544031041707	 -0.9817477042468103	 0.12186866276232991	 0.0016976754676513465
2.650718801466388	 -0.9817477042468103	 0.11670385252350957	 0.0016092573401667986
2.748893571891069	 -0.9817477042468103	 0.11216157685100228	 0.0015302407777739347
2.84706834231575	 -0.9817477042468103	 0.10319655455908726	 0.001478358648271202
2.945243112740431	 -0.9817477042468103	 0.0985875418062116	 0.0013623664837585368
3.043417883165112	 -0.9817477042468103	 0.09707687235044338	 0.001338866387086982
3.141592653589793	 -0.9817477042468103	 0.08873399535462063	 0.001257232714264736

-3.141592653589793	 -0.8835729338221293	 0.07555073046636106	 0.001082111050071942
-3.043417883165112	 -0.8835729338221293	 0.07977148603616473	 0.001094503170471744
-2.945243112740431	 -0.8835729338221293	 0.08437285889971204	 0.0011700099979645422
-2.84706834231575	 -0.8835729338221293	 0.08896228437542404	 0.0012343948862923281
-2.748893571891069	 -0.8835729338221293	 0.09372406193320162	 0.0013144052274130346
-2.650718801466388	 -0.8835729338221293	 0.09882053747900613	 0.0014287873505409324
-2.552544031041707	 -0.8835729338221293	 0.10512741773613228	 0.0014651423077000289
-2.454369260617026	 -0.8835729338221293	 0.11246240122131614	 0.001552113382423551
-2.356194490192345	 -0.8835729338221293	 0.12086315218646668	 0.0017362827266468172
-2.2580197197676637	 -0.8835729338221293	 0.12729889299603456	 0.0017433610636177757
-2.1598449493429825	 -0.8835729338221293	 0.1403419375147377	 0.0020189350163599216
-2.061670178918302	 -0.8835729338221293	 0.152925181237555	 0.002147790938541927
-1.9634954084936207	 -0.8835729338221293	 0.16443119011718801	 0.002262551334115886
-1.8653206380689396	 -0.8835729338221293	 0.17530215538785715	 0.0024448702871048746
-1.7671458676442586	 -0.8835729338221293	 0.18596833361826826	 0.00259045711945324
-1.6689710972195777	 -0.8835729338221293	 0.20488819670712854	 0.0028670644932011742
-1.5707963267948966	 -0.8835729338221293	 0.22182109277772766	 0.0030541493888529064
-1.4726215563702154	 -0.8835729338221293	 0.23099184579452525	 0.003366476545757012
-1.3744467859455345	 -0.8835729338221293	 0.2530840798382547	 0.0035493847672466543
-1.2762720155208536	 -0.8835729338221293	 0.26726725595660317	 0.003773785223272762
-1.1780972450961724	 -0.8835729338221293	 0.2882365922455494	 0.00410391702210078
-1.0799224746714913	 -0.8835729338221293	 0.30531505902379186	 0.004158937886078023
-0.9817477042468103	 -0.8835729338221293	 0.3132911750301731	 0.00449293113482958
-0.8835729338221293	 -0.8835729338221293	 0.3240894062254078	 0.004458368229294149
-0.7853981633974483	 -0.8835729338221293	 0.3255339799785373	 0.004624409922043171
-0.6872233929727672	 -0.8835729338221293	 0.3104849969833608	 0.004300946088618088
-0.5890486225480862	 -0.8835729338221293	 0.28788028118270925	 0.004005103355483643
-0.4908738521234052	 -0.8835729338221293	 0.24708665712010752	 0.0034808283928555394
-0.39269908169872414	 -0.8835729338221293	 0.1884375581947434	 0.002637722258453414
-0.2945243112740431	 -0.8835729338221293	 0.12315266843236132	 0.0017876053182141994
-0.19634954084936207	 -0.8835729338221293	 0.061566640049147844	 0.0008428143059712254
-0.09817477042468103	 -0.8835729338221293	 0.016774334135428753	 0.000230634068507093
0.0	 -0.8835729338221293	 9.47068895120272e-5	 1.5702137472678907e-6
0.09817477042468103	 -0.8835729338221293	 0.016774334135428753	 0.000230634068507093
0.19634954084936207	 -0.8835729338221293	 0.061566640049147844	 0.0008428143059712254
0.2945243112740431	 -0.8835729338221293	 0.12315266843236132	 0.0017876053182141994
0.39269908169872414	 -0.8835729338221293	 0.1884375581947434	 0.002637722258453414
0.4908738521234052	 -0.8835729338221293	 0.24708665712010752	 0.0034808283928555394
0.5890486225480862	 -0.8835729338221293	 0.28788028118270925	 0.004005103355483643
0.6872233929727672	 -0.8835729338221293	 0.3104849969833608	 0.004300946088618088
0.7853981633974483	 -0.8835729338221293	 0.3255339799785373	 0.004624409922043171
0.8835729338221293	 -0.8835729338221293	 0.3240894062254078	 0.004458368229294149
0.9817477042468103	 -0.8835729338221293	 0.3132911750301731	 0.00449293113482958
1.0799224746714913	 -0.8835729338221293	 0.30531505902379186	 0.004158937886078023
1.1780972450961724	 -0.8835729338221293	 0.2882365922455494	 0.00410391702210078
1.2762720155208536	 -0.8835729338221293	 0.26726725595660317	 0.003773785223272762
1.3744467859455345	 -0.8835729338221293	 0.2530840798382547	 0.0035493847672466543
1.4726215563702154	 -0.8835729338221293	 0.23099184579452525	 0.003366476545757012
1.5707963267948966	 -0.8835729338221293	 0.22182109277772766	 0.0030541493888529064
1.6689710972195777	 -0.8835729338221293	 0.20488819670712854	 0.0028670644932011742
1.7671458676442586	 -0.8835729338221293	 0.18596833361826826	 0.00259045711945324
1.8653206380689396	 -0.8835729338221293	 0.17530215538785715	 0.0024448702871048746
1.9634954084936207	 -0.8835729338221293	 0.16443119011718801	 0.002262551334115886
2.061670178918302	 -0.8835729338221293	 0.152925181237555	 0.002147790938541927
2.1598449493429825	 -0.8835729338221293	 0.1403419375147377	 0.0020189350163599216
2.2580197197676637	 -0.8835729338221293	 0.12729889299603456	 0.0017433610636177757
2.356194490192345	 -0.8835729338221293	 0.12086315218646668	 0.0017362827266468172
2.454369260617026	 -0.8835729338221293	 0.11246240122131614	 0.001552113382423551
2.552544031041707	 -0.8835729338221293	 0.10512741773613228	 0.0014651423077000289
2.650718801466388	 -0.8835729338221293	 0.09882053747900613	 0.0014287873505409324
2.748893571891069	 -0.8835729338221293	 0.09372406193320162	 0.0013144052274130346
2.84706834231575	 -0.8835729338221293	 0.08896228437542404	 0.0012343948862923281
2.945243112740431	 -0.8835729338221293	 0.08437285889971204	 0.0011700099979645422
3.043417883165112	 -0.8835729338221293	 0.07977148603616473	 0.001094503170471744
3.141592653589793	 -0.8835729338221293	 0.07555073046636106	 0.001082111050071942

-3.141592653589793	 -0.7853981633974483	 0.05991631676755472	 0.000859357010566269
-3.043417883165112	 -0.7853981633974483	 0.06356412213712513	 0.0009185354566660317
-2.945243112740431	 -0.7853981633974483	 0.06794611078866264	 0.0009697172093387795
-2.84706834231575	 -0.7853981633974483	 0.07250084246684618	 0.0010201711069788176
-2.748893571891069	 -0.7853981633974483	 0.07747185091838764	 0.0010501818963035532
-2.650718801466388	 -0.7853981633974483	 0.08229392946333472	 0.0011808328704873035
-2.552544031041707	 -0.7853981633974483	 0.08862363547537075	 0.001265210194886249
-2.454369260617026	 -0.7853981633974483	 0.09509923358882726	 0.001286999701535856
-2.356194490192345	 -0.7853981633974483	 0.10190741355914179	 0.0014443734419946755
-2.2580197197676637	 -0.7853981633974483	 0.10763536353603456	 0.0015377128364380893
-2.1598449493429825	 -0.7853981633974483	 0.11871644427755579	 0.0016219650586691886
-2.061670178918302	 -0.7853981633974483	 0.12678202230158295	 0.0018619309892301953
-1.9634954084936207	 -0.7853981633974483	 0.13711180837628473	 0.0018541984558992244
-1.8653206380689396	 -0.7853981633974483	 0.1487142395541841	 0.002100887473875806
-1.7671458676442586	 -0.7853981633974483	 0.15923539382722696	 0.0021696612152674647
-1.6689710972195777	 -0.7853981633974483	 0.17577752760270648	 0.0024727508199910604
-1.5707963267948966	 -0.7853981633974483	 0.19662770984411063	 0.002784142908994871
-1.4726215563702154	 -0.7853981633974483	 0.21065684156903536	 0.0030050783493685567
-1.3744467859455345	 -0.7853981633974483	 0.23436757012073475	 0.0033256519956744784
-1.2762720155208536	 -0.7853981633974483	 0.2490174568791787	 0.003615844968804621
-1.1780972450961724	 -0.7853981633974483	 0.2651535528175341	 0.0036481731700728917
-1.0799224746714913	 -0.7853981633974483	 0.27555139011031626	 0.0038515440723682257
-0.9817477042468103	 -0.7853981633974483	 0.31612151233730956	 0.004487020789360552
-0.8835729338221293	 -0.7853981633974483	 0.32399553727328156	 0.004430440998438351
-0.7853981633974483	 -0.7853981633974483	 0.34078021764795385	 0.004649505686570243
-0.6872233929727672	 -0.7853981633974483	 0.3352670277799511	 0.004661394678463474
-0.5890486225480862	 -0.7853981633974483	 0.3139629128766213	 0.004486958241224273
-0.4908738521234052	 -0.7853981633974483	 0.2708896795212609	 0.00392527713814849
-0.39269908169872414	 -0.7853981633974483	 0.22506213044764517	 0.003172537494649128
-0.2945243112740431	 -0.7853981633974483	 0.15050193503723364	 0.002141529066998169
-0.19634954084936207	 -0.7853981633974483	 0.07829850040661987	 0.0011506937936466004
-0.09817477042468103	 -0.7853981633974483	 0.021147123026051016	 0.00029914871905127447
0.0	 -0.7853981633974483	 0.00012124313386969329	 1.9818566290447874e-6
0.09817477042468103	 -0.7853981633974483	 0.021147123026051016	 0.00029914871905127447
0.19634954084936207	 -0.7853981633974483	 0.07829850040661987	 0.0011506937936466004
0.2945243112740431	 -0.7853981633974483	 0.15050193503723364	 0.002141529066998169
0.39269908169872414	 -0.7853981633974483	 0.22506213044764517	 0.003172537494649128
0.4908738521234052	 -0.7853981633974483	 0.2708896795212609	 0.00392527713814849
0.5890486225480862	 -0.7853981633974483	 0.3139629128766213	 0.004486958241224273
0.6872233929727672	 -0.7853981633974483	 0.3352670277799511	 0.004661394678463474
0.7853981633974483	 -0.7853981633974483	 0.34078021764795385	 0.004649505686570243
0.8835729338221293	 -0.7853981633974483	 0.32399553727328156	 0.004430440998438351
0.9817477042468103	 -0.7853981633974483	 0.31612151233730956	 0.004487020789360552
1.0799224746714913	 -0.7853981633974483	 0.27555139011031626	 0.0038515440723682257
1.1780972450961724	 -0.7853981633974483	 0.2651535528175341	 0.0036481731700728917
1.2762720155208536	 -0.7853981633974483	 0.2490174568791787	 0.003615844968804621
1.3744467859455345	 -0.7853981633974483	 0.23436757012073475	 0.0033256519956744784
1.4726215563702154	 -0.7853981633974483	 0.21065684156903536	 0.0030050783493685567
1.5707963267948966	 -0.7853981633974483	 0.19662770984411063	 0.002784142908994871
1.6689710972195777	 -0.7853981633974483	 0.17577752760270648	 0.0024727508199910604
1.7671458676442586	 -0.7853981633974483	 0.15923539382722696	 0.0021696612152674647
1.8653206380689396	 -0.7853981633974483	 0.1487142395541841	 0.002100887473875806
1.9634954084936207	 -0.7853981633974483	 0.13711180837628473	 0.0018541984558992244
2.061670178918302	 -0.7853981633974483	 0.12678202230158295	 0.0018619309892301953
2.1598449493429825	 -0.7853981633974483	 0.11871644427755579	 0.0016219650586691886
2.2580197197676637	 -0.7853981633974483	 0.10763536353603456	 0.0015377128364380893
2.356194490192345	 -0.7853981633974483	 0.10190741355914179	 0.0014443734419946755
2.454369260617026	 -0.7853981633974483	 0.09509923358882726	 0.001286999701535856
2.552544031041707	 -0.7853981633974483	 0.08862363547537075	 0.001265210194886249
2.650718801466388	 -0.7853981633974483	 0.08229392946333472	 0.0011808328704873035
2.748893571891069	 -0.7853981633974483	 0.07747185091838764	 0.0010501818963035532
2.84706834231575	 -0.7853981633974483	 0.07250084246684618	 0.0010201711069788176
2.945243112740431	 -0.7853981633974483	 0.06794611078866264	 0.0009697172093387795
3.043417883165112	 -0.7853981633974483	 0.06356412213712513	 0.0009185354566660317
3.141592653589793	 -0.7853981633974483	 0.05991631676755472	 0.000859357010566269

-3.141592653589793	 -0.6872233929727672	 0.04843076683762131	 0.0006801370681654967
-3.043417883165112	 -0.6872233929727672	 0.049900734951696335	 0.0007040895811767033
-2.945243112740431	 -0.6872233929727672	 0.053947928658102016	 0.0007577509994253276
-2.84706834231575	 -0.6872233929727672	 0.056682584752055926	 0.0007918836223170553
-2.748893571891069	 -0.6872233929727672	 0.06105029370848225	 0.0008737393424126866
-2.650718801466388	 -0.6872233929727672	 0.06642158734597871	 0.000923556712894941
-2.552544031041707	 -0.6872233929727672	 0.06928832314556464	 0.0009154536416013417
-2.454369260617026	 -0.6872233929727672	 0.07708654806232257	 0.0010323265414270547
-2.356194490192345	 -0.6872233929727672	 0.08217424028671039	 0.0011545547752825685
-2.2580197197676637	 -0.6872233929727672	 0.08753601860271447	 0.0011790538033777517
-2.1598449493429825	 -0.6872233929727672	 0.09549096070142933	 0.0013472245528901993
-2.061670178918302	 -0.6872233929727672	 0.10296735055922608	 0.0014045009902759007
-1.9634954084936207	 -0.6872233929727672	 0.11275552147616669	 0.0016075573372412492
-1.8653206380689396	 -0.6872233929727672	 0.12386996327887173	 0.0017483362374306377
-1.7671458676442586	 -0.6872233929727672	 0.1384126463811423	 0.0019343784585638044
-1.6689710972195777	 -0.6872233929727672	 0.14582582004817807	 0.002012018991328781
-1.5707963267948966	 -0.6872233929727672	 0.16117461583900564	 0.00222151875301546
-1.4726215563702154	 -0.6872233929727672	 0.18041665826795994	 0.002476952435214994
-1.3744467859455345	 -0.6872233929727672	 0.1990800813118183	 0.0028456933065611977
-1.2762720155208536	 -0.6872233929727672	 0.2180878690656977	 0.0030715621533467102
-1.1780972450961724	 -0.6872233929727672	 0.23316001358352256	 0.0032963988310297167
-1.0799224746714913	 -0.6872233929727672	 0.2638478013118488	 0.0037037364691554758
-0.9817477042468103	 -0.6872233929727672	 0.2953901697173412	 0.004308396991145905
-0.8835729338221293	 -0.6872233929727672	 0.3115387978319488	 0.004510867259919648
-0.7853981633974483	 -0.6872233929727672	 0.33470304717658345	 0.004607793646613855
-0.6872233929727672	 -0.6872233929727672	 0.34331233472269945	 0.004683343168581349
-0.5890486225480862	 -0.6872233929727672	 0.337696862326539	 0.004714483374946264
-0.4908738521234052	 -0.6872233929727672	 0.30572867520473324	 0.004310772008392006
-0.39269908169872414	 -0.6872233929727672	 0.2532491805268004	 0.003492357700109159
-0.2945243112740431	 -0.6872233929727672	 0.18681138065541325	 0.0025141956590086774
-0.19634954084936207	 -0.6872233929727672	 0.09969541712655358	 0.0014099370202553228
-0.09817477042468103	 -0.6872233929727672	 0.027855196178711808	 0.0003906314542690806
0.0	 -0.6872233929727672	 0.00015578205971637476	 2.5325827755787556e-6
0.09817477042468103	 -0.6872233929727672	 0.027855196178711808	 0.0003906314542690806
0.19634954084936207	 -0.6872233929727672	 0.09969541712655358	 0.0014099370202553228
0.2945243112740431	 -0.6872233929727672	 0.18681138065541325	 0.0025141956590086774
0.39269908169872414	 -0.6872233929727672	 0.2532491805268004	 0.003492357700109159
0.4908738521234052	 -0.6872233929727672	 0.30572867520473324	 0.004310772008392006
0.5890486225480862	 -0.6872233929727672	 0.337696862326539	 0.004714483374946264
0.6872233929727672	 -0.6872233929727672	 0.34331233472269945	 0.004683343168581349
0.7853981633974483	 -0.6872233929727672	 0.33470304717658345	 0.004607793646613855
0.8835729338221293	 -0.6872233929727672	 0.3115387978319488	 0.004510867259919648
0.9817477042468103	 -0.6872233929727672	 0.2953901697173412	 0.004308396991145905
1.0799224746714913	 -0.6872233929727672	 0.2638478013118488	 0.0037037364691554758
1.1780972450961724	 -0.6872233929727672	 0.23316001358352256	 0.0032963988310297167
1.2762720155208536	 -0.6872233929727672	 0.2180878690656977	 0.0030715621533467102
1.3744467859455345	 -0.6872233929727672	 0.1990800813118183	 0.0028456933065611977
1.4726215563702154	 -0.6872233929727672	 0.18041665826795994	 0.002476952435214994
1.5707963267948966	 -0.6872233929727672	 0.16117461583900564	 0.00222151875301546
1.6689710972195777	 -0.6872233929727672	 0.14582582004817807	 0.002012018991328781
1.7671458676442586	 -0.6872233929727672	 0.1384126463811423	 0.0019343784585638044
1.8653206380689396	 -0.6872233929727672	 0.12386996327887173	 0.0017483362374306377
1.9634954084936207	 -0.6872233929727672	 0.11275552147616669	 0.0016075573372412492
2.061670178918302	 -0.6872233929727672	 0.10296735055922608	 0.0014045009902759007
2.1598449493429825	 -0.6872233929727672	 0.09549096070142933	 0.0013472245528901993
2.2580197197676637	 -0.6872233929727672	 0.08753601860271447	 0.0011790538033777517
2.356194490192345	 -0.6872233929727672	 0.08217424028671039	 0.0011545547752825685
2.454369260617026	 -0.6872233929727672	 0.07708654806232257	 0.0010323265414270547
2.552544031041707	 -0.6872233929727672	 0.06928832314556464	 0.0009154536416013417
2.650718801466388	 -0.6872233929727672	 0.06642158734597871	 0.000923556712894941
2.748893571891069	 -0.6872233929727672	 0.06105029370848225	 0.0008737393424126866
2.84706834231575	 -0.6872233929727672	 0.056682584752055926	 0.0007918836223170553
2.945243112740431	 -0.6872233929727672	 0.053947928658102016	 0.0007577509994253276
3.043417883165112	 -0.6872233929727672	 0.049900734951696335	 0.0007040895811767033
3.141592653589793	 -0.6872233929727672	 0.04843076683762131	 0.0006801370681654967

-3.141592653589793	 -0.5890486225480862	 0.03497509967343731	 0.0004668102166006173
-3.043417883165112	 -0.5890486225480862	 0.03804430557836159	 0.0005537223375917904
-2.945243112740431	 -0.5890486225480862	 0.041016621651833146	 0.0006007649523576199
-2.84706834231575	 -0.5890486225480862	 0.043524068517206006	 0.000609050408585477
-2.748893571891069	 -0.5890486225480862	 0.04666331246898672	 0.0006534862438708828
-2.650718801466388	 -0.5890486225480862	 0.04998749214232787	 0.0006933803719816318
-2.552544031041707	 -0.5890486225480862	 0.053465002873430305	 0.0007744492252249537
-2.454369260617026	 -0.5890486225480862	 0.057380052152671376	 0.0008321944269498311
-2.356194490192345	 -0.5890486225480862	 0.06271557321975242	 0.0008614761166130814
-2.2580197197676637	 -0.5890486225480862	 0.06786432200030314	 0.0009276413322716249
-2.1598449493429825	 -0.5890486225480862	 0.07447753344819279	 0.0010435945753741551
-2.061670178918302	 -0.5890486225480862	 0.0807132801255114	 0.001187961353282278
-1.9634954084936207	 -0.5890486225480862	 0.08815234536860143	 0.0012350530982996194
-1.8653206380689396	 -0.5890486225480862	 0.09602150980529803	 0.0013454998708719863
-1.7671458676442586	 -0.5890486225480862	 0.1095556924134996	 0.0015587423253521193
-1.6689710972195777	 -0.5890486225480862	 0.11857466303174678	 0.0016058738727813674
-1.5707963267948966	 -0.5890486225480862	 0.13320774782179606	 0.0018225334757015117
-1.4726215563702154	 -0.5890486225480862	 0.14841432324122777	 0.0020616435846106318
-1.3744467859455345	 -0.5890486225480862	 0.16292029225065324	 0.0021846002952481147
-1.2762720155208536	 -0.5890486225480862	 0.18204269004562526	 0.0024964933308864842
-1.1780972450961724	 -0.5890486225480862	 0.19904482401166043	 0.0028194787358083646
-1.0799224746714913	 -0.5890486225480862	 0.2250681615290672	 0.0031089234634857315
-0.9817477042468103	 -0.5890486225480862	 0.2558215623953094	 0.003383880618868911
-0.8835729338221293	 -0.5890486225480862	 0.2892396057593836	 0.0038998340078467923
-0.7853981633974483	 -0.5890486225480862	 0.31392838980816506	 0.0043211688871036
-0.6872233929727672	 -0.5890486225480862	 0.3336993562836518	 0.004655532668702895
-0.5890486225480862	 -0.5890486225480862	 0.3524377550980299	 0.004578572586464194
-0.4908738521234052	 -0.5890486225480862	 0.34289448861728133	 0.004830771935819414
-0.39269908169872414	 -0.5890486225480862	 0.30876930683777015	 0.004213319086450683
-0.2945243112740431	 -0.5890486225480862	 0.23381939280993486	 0.0031561223169552506
-0.19634954084936207	 -0.5890486225480862	 0.13126400147055503	 0.0018205674664765804
-0.09817477042468103	 -0.5890486225480862	 0.039093706723980624	 0.0005452186948396487
0.0	 -0.5890486225480862	 0.0002109493846770932	 3.515545554657911e-6
0.09817477042468103	 -0.5890486225480862	 0.039093706723980624	 0.0005452186948396487
0.19634954084936207	 -0.5890486225480862	 0.13126400147055503	 0.0018205674664765804
0.2945243112740431	 -0.5890486225480862	 0.23381939280993486	 0.0031561223169552506
0.39269908169872414	 -0.5890486225480862	 0.30876930683777015	 0.004213319086450683
0.4908738521234052	 -0.5890486225480862	 0.34289448861728133	 0.004830771935819414
0.5890486225480862	 -0.5890486225480862	 0.3524377550980299	 0.004578572586464194
0.6872233929727672	 -0.5890486225480862	 0.3336993562836518	 0.004655532668702895
0.7853981633974483	 -0.5890486225480862	 0.31392838980816506	 0.0043211688871036
0.8835729338221293	 -0.5890486225480862	 0.2892396057593836	 0.0038998340078467923
0.9817477042468103	 -0.5890486225480862	 0.2558215623953094	 0.003383880618868911
1.0799224746714913	 -0.5890486225480862	 0.2250681615290672	 0.0031089234634857315
1.1780972450961724	 -0.5890486225480862	 0.19904482401166043	 0.0028194787358083646
1.2762720155208536	 -0.5890486225480862	 0.18204269004562526	 0.0024964933308864842
1.3744467859455345	 -0.5890486225480862	 0.16292029225065324	 0.0021846002952481147
1.4726215563702154	 -0.5890486225480862	 0.14841432324122777	 0.0020616435846106318
1.5707963267948966	 -0.5890486225480862	 0.13320774782179606	 0.0018225334757015117
1.6689710972195777	 -0.5890486225480862	 0.11857466303174678	 0.0016058738727813674
1.7671458676442586	 -0.5890486225480862	 0.1095556924134996	 0.0015587423253521193
1.8653206380689396	 -0.5890486225480862	 0.09602150980529803	 0.0013454998708719863
1.9634954084936207	 -0.5890486225480862	 0.08815234536860143	 0.0012350530982996194
2.061670178918302	 -0.5890486225480862	 0.0807132801255114	 0.001187961353282278
2.1598449493429825	 -0.5890486225480862	 0.07447753344819279	 0.0010435945753741551
2.2580197197676637	 -0.5890486225480862	 0.06786432200030314	 0.0009276413322716249
2.356194490192345	 -0.5890486225480862	 0.06271557321975242	 0.0008614761166130814
2.454369260617026	 -0.5890486225480862	 0.057380052152671376	 0.0008321944269498311
2.552544031041707	 -0.5890486225480862	 0.053465002873430305	 0.0007744492252249537
2.650718801466388	 -0.5890486225480862	 0.04998749214232787	 0.0006933803719816318
2.748893571891069	 -0.5890486225480862	 0.04666331246898672	 0.0006534862438708828
2.84706834231575	 -0.5890486225480862	 0.043524068517206006	 0.000609050408585477
2.945243112740431	 -0.5890486225480862	 0.041016621651833146	 0.0006007649523576199
3.043417883165112	 -0.5890486225480862	 0.03804430557836159	 0.0005537223375917904
3.141592653589793	 -0.5890486225480862	 0.03497509967343731	 0.0004668102166006173

-3.141592653589793	 -0.4908738521234052	 0.025324400962691885	 0.0003598408195708647
-3.043417883165112	 -0.4908738521234052	 0.027103668376382378	 0.00037944361670663734
-2.945243112740431	 -0.4908738521234052	 0.028148189162877032	 0.00039700869906952597
-2.84706834231575	 -0.4908738521234052	 0.03043715685761951	 0.0004267216315566814
-2.748893571891069	 -0.4908738521234052	 0.03317670218626809	 0.00046590260801648197
-2.650718801466388	 -0.4908738521234052	 0.03525606597281306	 0.0004733098709812439
-2.552544031041707	 -0.4908738521234052	 0.03822683449170523	 0.0005272951333612834
-2.454369260617026	 -0.4908738521234052	 0.042369987632345035	 0.000602072265607015
-2.356194490192345	 -0.4908738521234052	 0.045614162238409806	 0.0006383018849775038
-2.2580197197676637	 -0.4908738521234052	 0.04902124132362027	 0.0006821865247385258
-2.1598449493429825	 -0.4908738521234052	 0.0535865916843484	 0.0007446762223558318
-2.061670178918302	 -0.4908738521234052	 0.05720043846233735	 0.0008136963162381295
-1.9634954084936207	 -0.4908738521234052	 0.06468470215021374	 0.0009137476376786293
-1.8653206380689396	 -0.4908738521234052	 0.07270152184825834	 0.0009919935771763029
-1.7671458676442586	 -0.4908738521234052	 0.07972933981817193	 0.0010897917567833204
-1.6689710972195777	 -0.4908738521234052	 0.08910412973849641	 0.0012368946891383192
-1.5707963267948966	 -0.4908738521234052	 0.09911340288040191	 0.001380112891517723
-1.4726215563702154	 -0.4908738521234052	 0.11299526710067476	 0.0015766920709755971
-1.3744467859455345	 -0.4908738521234052	 0.12607542309052297	 0.0017598532351047246
-1.2762720155208536	 -0.4908738521234052	 0.1412559405797072	 0.0019505149024909507
-1.1780972450961724	 -0.4908738521234052	 0.16280386234809427	 0.0023777767890812763
-1.0799224746714913	 -0.4908738521234052	 0.18763895080579027	 0.0025858776351672867
-0.9817477042468103	 -0.4908738521234052	 0.21918231952889083	 0.0031357907432754658
-0.8835729338221293	 -0.4908738521234052	 0.23967161204397716	 0.0033119203577803764
-0.7853981633974483	 -0.4908738521234052	 0.27613014726865875	 0.004049171952710522
-0.6872233929727672	 -0.4908738521234052	 0.3146647669617573	 0.004376739923359687
-0.5890486225480862	 -0.4908738521234052	 0.3383985709030469	 0.004655068022301586
-0.4908738521234052	 -0.4908738521234052	 0.35872982250648966	 0.005024885381084502
-0.39269908169872414	 -0.4908738521234052	 0.3587446383122503	 0.005126807516584294
-0.2945243112740431	 -0.4908738521234052	 0.2853788945289565	 0.0040152161833392
-0.19634954084936207	 -0.4908738521234052	 0.18070483779989532	 0.0025776660692571366
-0.09817477042468103	 -0.4908738521234052	 0.05561496296791506	 0.0007721702495179796
0.0	 -0.4908738521234052	 0.00030769381242800876	 5.2609905354642505e-6
0.09817477042468103	 -0.4908738521234052	 0.05561496296791506	 0.0007721702495179796
0.19634954084936207	 -0.4908738521234052	 0.18070483779989532	 0.0025776660692571366
0.2945243112740431	 -0.4908738521234052	 0.2853788945289565	 0.0040152161833392
0.39269908169872414	 -0.4908738521234052	 0.3587446383122503	 0.005126807516584294
0.4908738521234052	 -0.4908738521234052	 0.35872982250648966	 0.005024885381084502
0.5890486225480862	 -0.4908738521234052	 0.3383985709030469	 0.004655068022301586
0.6872233929727672	 -0.4908738521234052	 0.3146647669617573	 0.004376739923359687
0.7853981633974483	 -0.4908738521234052	 0.27613014726865875	 0.004049171952710522
0.8835729338221293	 -0.4908738521234052	 0.23967161204397716	 0.0033119203577803764
0.9817477042468103	 -0.4908738521234052	 0.21918231952889083	 0.0031357907432754658
1.0799224746714913	 -0.4908738521234052	 0.18763895080579027	 0.0025858776351672867
1.1780972450961724	 -0.4908738521234052	 0.16280386234809427	 0.0023777767890812763
1.2762720155208536	 -0.4908738521234052	 0.1412559405797072	 0.0019505149024909507
1.3744467859455345	 -0.4908738521234052	 0.12607542309052297	 0.0017598532351047246
1.4726215563702154	 -0.4908738521234052	 0.11299526710067476	 0.0015766920709755971
1.5707963267948966	 -0.4908738521234052	 0.09911340288040191	 0.001380112891517723
1.6689710972195777	 -0.4908738521234052	 0.08910412973849641	 0.0012368946891383192
1.7671458676442586	 -0.4908738521234052	 0.07972933981817193	 0.0010897917567833204
1.8653206380689396	 -0.4908738521234052	 0.07270152184825834	 0.0009919935771763029
1.9634954084936207	 -0.4908738521234052	 0.06468470215021374	 0.0009137476376786293
2.061670178918302	 -0.4908738521234052	 0.05720043846233735	 0.0008136963162381295
2.1598449493429825	 -0.4908738521234052	 0.0535865916843484	 0.0007446762223558318
2.2580197197676637	 -0.4908738521234052	 0.04902124132362027	 0.0006821865247385258
2.356194490192345	 -0.4908738521234052	 0.045614162238409806	 0.0006383018849775038
2.454369260617026	 -0.4908738521234052	 0.042369987632345035	 0.000602072265607015
2.552544031041707	 -0.4908738521234052	 0.03822683449170523	 0.0005272951333612834
2.650718801466388	 -0.4908738521234052	 0.03525606597281306	 0.0004733098709812439
2.748893571891069	 -0.4908738521234052	 0.03317670218626809	 0.00046590260801648197
2.84706834231575	 -0.4908738521234052	 0.03043715685761951	 0.0004267216315566814
2.945243112740431	 -0.4908738521234052	 0.028148189162877032	 0.00039700869906952597
3.043417883165112	 -0.4908738521234052	 0.027103668376382378	 0.00037944361670663734
3.141592653589793	 -0.4908738521234052	 0.025324400962691885	 0.0003598408195708647

-3.141592653589793	 -0.39269908169872414	 0.01669975373221967	 0.00022688516672958263
-3.043417883165112	 -0.39269908169872414	 0.017497452736601395	 0.00024387018347026018
-2.945243112740431	 -0.39269908169872414	 0.018894836840675406	 0.000264573230158475
-2.84706834231575	 -0.39269908169872414	 0.020018241370355475	 0.00028843844281101796
-2.748893571891069	 -0.39269908169872414	 0.021627209796546306	 0.00031052148500843317
-2.650718801466388	 -0.39269908169872414	 0.022668583213680184	 0.0003146336461356781
-2.552544031041707	 -0.39269908169872414	 0.024747162732393094	 0.00036711025855739476
-2.454369260617026	 -0.39269908169872414	 0.02775514680722677	 0.00039503498821188846
-2.356194490192345	 -0.39269908169872414	 0.029653318006185442	 0.00041569399488703
-2.2580197197676637	 -0.39269908169872414	 0.03192535791031048	 0.00045697854872201805
-2.1598449493429825	 -0.39269908169872414	 0.03535982002498022	 0.0005072823410032693
-2.061670178918302	 -0.39269908169872414	 0.03916760356606236	 0.0005478746235404001
-1.9634954084936207	 -0.39269908169872414	 0.04382994780553986	 0.0006307807706599272
-1.8653206380689396	 -0.39269908169872414	 0.04799888919775498	 0.0006526149970683045
-1.7671458676442586	 -0.39269908169872414	 0.05428690580200898	 0.0007641305289804683
-1.6689710972195777	 -0.39269908169872414	 0.06045341161820459	 0.0008565330836145651
-1.5707963267948966	 -0.39269908169872414	 0.06597240692348941	 0.0009517467786155678
-1.4726215563702154	 -0.39269908169872414	 0.07562100737208574	 0.001014212364584933
-1.3744467859455345	 -0.39269908169872414	 0.08768615803592911	 0.001289481774016756
-1.2762720155208536	 -0.39269908169872414	 0.09953993675205246	 0.0013820133536115746
-1.1780972450961724	 -0.39269908169872414	 0.1143005309725115	 0.00158520599339425
-1.0799224746714913	 -0.39269908169872414	 0.1375727875039725	 0.0018707686039288684
-0.9817477042468103	 -0.39269908169872414	 0.15430455663506892	 0.0021123570871437523
-0.8835729338221293	 -0.39269908169872414	 0.1850664839004752	 0.002556155671860972
-0.7853981633974483	 -0.39269908169872414	 0.21748534871903732	 0.0029809006123139976
-0.6872233929727672	 -0.39269908169872414	 0.26586027542226837	 0.0036774584097046597
-0.5890486225480862	 -0.39269908169872414	 0.30280656158327873	 0.004304602927446945
-0.4908738521234052	 -0.39269908169872414	 0.35754324685305544	 0.0051176209349247685
-0.39269908169872414	 -0.39269908169872414	 0.3684119357423955	 0.005007225060919277
-0.2945243112740431	 -0.39269908169872414	 0.3560819708516487	 0.004957895280945003
-0.19634954084936207	 -0.39269908169872414	 0.2442752868007957	 0.0032277029585039444
-0.09817477042468103	 -0.39269908169872414	 0.08489830367087019	 0.0011888568185304906
0.0	 -0.39269908169872414	 0.000491151030367477	 8.074270670946864e-6
0.09817477042468103	 -0.39269908169872414	 0.08489830367087019	 0.0011888568185304906
0.19634954084936207	 -0.39269908169872414	 0.2442752868007957	 0.0032277029585039444
0.2945243112740431	 -0.39269908169872414	 0.3560819708516487	 0.004957895280945003
0.39269908169872414	 -0.39269908169872414	 0.3684119357423955	 0.005007225060919277
0.4908738521234052	 -0.39269908169872414	 0.35754324685305544	 0.0051176209349247685
0.5890486225480862	 -0.39269908169872414	 0.30280656158327873	 0.004304602927446945
0.6872233929727672	 -0.39269908169872414	 0.26586027542226837	 0.0036774584097046597
0.7853981633974483	 -0.39269908169872414	 0.21748534871903732	 0.0029809006123139976
0.8835729338221293	 -0.39269908169872414	 0.1850664839004752	 0.002556155671860972
0.9817477042468103	 -0.39269908169872414	 0.15430455663506892	 0.0021123570871437523
1.0799224746714913	 -0.39269908169872414	 0.1375727875039725	 0.0018707686039288684
1.1780972450961724	 -0.39269908169872414	 0.1143005309725115	 0.00158520599339425
1.2762720155208536	 -0.39269908169872414	 0.09953993675205246	 0.0013820133536115746
1.3744467859455345	 -0.39269908169872414	 0.08768615803592911	 0.001289481774016756
1.4726215563702154	 -0.39269908169872414	 0.07562100737208574	 0.001014212364584933
1.5707963267948966	 -0.39269908169872414	 0.06597240692348941	 0.0009517467786155678
1.6689710972195777	 -0.39269908169872414	 0.06045341161820459	 0.0008565330836145651
1.7671458676442586	 -0.39269908169872414	 0.05428690580200898	 0.0007641305289804683
1.8653206380689396	 -0.39269908169872414	 0.04799888919775498	 0.0006526149970683045
1.9634954084936207	 -0.39269908169872414	 0.04382994780553986	 0.0006307807706599272
2.061670178918302	 -0.39269908169872414	 0.03916760356606236	 0.0005478746235404001
2.1598449493429825	 -0.39269908169872414	 0.03535982002498022	 0.0005072823410032693
2.2580197197676637	 -0.39269908169872414	 0.03192535791031048	 0.00045697854872201805
2.356194490192345	 -0.39269908169872414	 0.029653318006185442	 0.00041569399488703
2.454369260617026	 -0.39269908169872414	 0.02775514680722677	 0.00039503498821188846
2.552544031041707	 -0.39269908169872414	 0.024747162732393094	 0.00036711025855739476
2.650718801466388	 -0.39269908169872414	 0.022668583213680184	 0.0003146336461356781
2.748893571891069	 -0.39269908169872414	 0.021627209796546306	 0.00031052148500843317
2.84706834231575	 -0.39269908169872414	 0.020018241370355475	 0.00028843844281101796
2.945243112740431	 -0.39269908169872414	 0.018894836840675406	 0.000264573230158475
3.043417883165112	 -0.39269908169872414	 0.017497452736601395	 0.00024387018347026018
3.141592653589793	 -0.39269908169872414	 0.01669975373221967	 0.00022688516672958263

-3.141592653589793	 -0.2945243112740431	 0.009381605601625233	 0.00013318755599767325
-3.043417883165112	 -0.2945243112740431	 0.01002650525320022	 0.00013972316193424286
-2.945243112740431	 -0.2945243112740431	 0.010800335411125728	 0.00014589904117108052
-2.84706834231575	 -0.2945243112740431	 0.01167710345335116	 0.00016131247672653454
-2.748893571891069	 -0.2945243112740431	 0.012528068500448894	 0.00016909797059011053
-2.650718801466388	 -0.2945243112740431	 0.01377789000024126	 0.00019339308839987234
-2.552544031041707	 -0.2945243112740431	 0.014721094780453031	 0.0002037754044380314
-2.454369260617026	 -0.2945243112740431	 0.015823550022739392	 0.0002209349983751681
-2.356194490192345	 -0.2945243112740431	 0.016949172542814833	 0.00022466251075005806
-2.2580197197676637	 -0.2945243112740431	 0.018708703410161908	 0.0002655725826411534
-2.1598449493429825	 -0.2945243112740431	 0.020275472129750834	 0.0002809120078513206
-2.061670178918302	 -0.2945243112740431	 0.022103946936107628	 0.00031679398678284337
-1.9634954084936207	 -0.2945243112740431	 0.025230350395398143	 0.0003481936384113307
-1.8653206380689396	 -0.2945243112740431	 0.02787658509013702	 0.0003740243325715663
-1.7671458676442586	 -0.2945243112740431	 0.0317803758810749	 0.000464865574949643
-1.6689710972195777	 -0.2945243112740431	 0.03563423909268624	 0.0005081176067675963
-1.5707963267948966	 -0.2945243112740431	 0.04007961540100052	 0.0005489655209148364
-1.4726215563702154	 -0.2945243112740431	 0.046400026059752644	 0.0006426447335799511
-1.3744467859455345	 -0.2945243112740431	 0.05318330165279891	 0.0007622997658266447
-1.2762720155208536	 -0.2945243112740431	 0.06165681648581292	 0.0008556237548003798
-1.1780972450961724	 -0.2945243112740431	 0.07336623352153725	 0.001022392367062298
-1.0799224746714913	 -0.2945243112740431	 0.08781884637813621	 0.0012276860333476371
-0.9817477042468103	 -0.2945243112740431	 0.1015111502309698	 0.0013707621250630595
-0.8835729338221293	 -0.2945243112740431	 0.1217869549743261	 0.00167060682103648
-0.7853981633974483	 -0.2945243112740431	 0.15306993783778078	 0.0021360895755128443
-0.6872233929727672	 -0.2945243112740431	 0.18243052207613278	 0.002576282505692286
-0.5890486225480862	 -0.2945243112740431	 0.23897417507057303	 0.0032954531519350325
-0.4908738521234052	 -0.2945243112740431	 0.2903351572161931	 0.003963294474289646
-0.39269908169872414	 -0.2945243112740431	 0.3411666316583222	 0.004521902424373144
-0.2945243112740431	 -0.2945243112740431	 0.38202649776818104	 0.0052235177926416715
-0.19634954084936207	 -0.2945243112740431	 0.33777024833912966	 0.00467124533846586
-0.09817477042468103	 -0.2945243112740431	 0.14386367706488112	 0.001988005988459115
0.0	 -0.2945243112740431	 0.0008652771150757245	 1.4289546457596248e-5
0.09817477042468103	 -0.2945243112740431	 0.14386367706488112	 0.001988005988459115
0.19634954084936207	 -0.2945243112740431	 0.33777024833912966	 0.00467124533846586
0.2945243112740431	 -0.2945243112740431	 0.38202649776818104	 0.0052235177926416715
0.39269908169872414	 -0.2945243112740431	 0.3411666316583222	 0.004521902424373144
0.4908738521234052	 -0.2945243112740431	 0.2903351572161931	 0.003963294474289646
0.5890486225480862	 -0.2945243112740431	 0.23897417507057303	 0.0032954531519350325
0.6872233929727672	 -0.2945243112740431	 0.18243052207613278	 0.002576282505692286
0.7853981633974483	 -0.2945243112740431	 0.15306993783778078	 0.0021360895755128443
0.8835729338221293	 -0.2945243112740431	 0.1217869549743261	 0.00167060682103648
0.9817477042468103	 -0.2945243112740431	 0.1015111502309698	 0.0013707621250630595
1.0799224746714913	 -0.2945243112740431	 0.08781884637813621	 0.0012276860333476371
1.1780972450961724	 -0.2945243112740431	 0.07336623352153725	 0.001022392367062298
1.2762720155208536	 -0.2945243112740431	 0.06165681648581292	 0.0008556237548003798
1.3744467859455345	 -0.2945243112740431	 0.05318330165279891	 0.0007622997658266447
1.4726215563702154	 -0.2945243112740431	 0.046400026059752644	 0.0006426447335799511
1.5707963267948966	 -0.2945243112740431	 0.04007961540100052	 0.0005489655209148364
1.6689710972195777	 -0.2945243112740431	 0.03563423909268624	 0.0005081176067675963
1.7671458676442586	 -0.2945243112740431	 0.0317803758810749	 0.000464865574949643
1.8653206380689396	 -0.2945243112740431	 0.02787658509013702	 0.0003740243325715663
1.9634954084936207	 -0.2945243112740431	 0.025230350395398143	 0.0003481936384113307
2.061670178918302	 -0.2945243112740431	 0.022103946936107628	 0.00031679398678284337
2.1598449493429825	 -0.2945243112740431	 0.020275472129750834	 0.0002809120078513206
2.2580197197676637	 -0.2945243112740431	 0.018708703410161908	 0.0002655725826411534
2.356194490192345	 -0.2945243112740431	 0.016949172542814833	 0.00022466251075005806
2.454369260617026	 -0.2945243112740431	 0.015823550022739392	 0.0002209349983751681
2.552544031041707	 -0.2945243112740431	 0.014721094780453031	 0.0002037754044380314
2.650718801466388	 -0.2945243112740431	 0.01377789000024126	 0.00019339308839987234
2.748893571891069	 -0.2945243112740431	 0.012528068500448894	 0.00016909797059011053
2.84706834231575	 -0.2945243112740431	 0.01167710345335116	 0.00016131247672653454
2.945243112740431	 -0.2945243112740431	 0.010800335411125728	 0.00014589904117108052
3.043417883165112	 -0.2945243112740431	 0.01002650525320022	 0.00013972316193424286
3.141592653589793	 -0.2945243112740431	 0.009381605601625233	 0.00013318755599767325

-3.141592653589793	 -0.19634954084936207	 0.00429711745894292	 5.8709028285384665e-5
-3.043417883165112	 -0.19634954084936207	 0.0044776717571001975	 6.371651352175555e-5
-2.945243112740431	 -0.19634954084936207	 0.004735453441602105	 6.639171399601888e-5
-2.84706834231575	 -0.19634954084936207	 0.005243718984129736	 7.28420554143075e-5
-2.748893571891069	 -0.19634954084936207	 0.005590011458507941	 7.526920823362914e-5
-2.650718801466388	 -0.19634954084936207	 0.005962855016680547	 8.358482450168882e-5
-2.552544031041707	 -0.19634954084936207	 0.006399501667394915	 8.840579382422613e-5
-2.454369260617026	 -0.19634954084936207	 0.007012515212471837	 9.54068092153638e-5
-2.356194490192345	 -0.19634954084936207	 0.007642304047772971	 0.00010469593750913582
-2.2580197197676637	 -0.19634954084936207	 0.008514616139014206	 0.00011441893344724921
-2.1598449493429825	 -0.19634954084936207	 0.009174188090602213	 0.0001230926089444122
-2.061670178918302	 -0.19634954084936207	 0.010514458713017672	 0.00014929300350999562
-1.9634954084936207	 -0.19634954084936207	 0.011263734914756933	 0.000159027928535771
-1.8653206380689396	 -0.19634954084936207	 0.012898557993552207	 0.00018789599832338125
-1.7671458676442586	 -0.19634954084936207	 0.014524363256306625	 0.00020804763366144804
-1.6689710972195777	 -0.19634954084936207	 0.016135949564839887	 0.0002214071223180029
-1.5707963267948966	 -0.19634954084936207	 0.01854488946385642	 0.0002469055772783336
-1.4726215563702154	 -0.19634954084936207	 0.02182916258480282	 0.00030509424073969603
-1.3744467859455345	 -0.19634954084936207	 0.02468395908109674	 0.0003464987603588585
-1.2762720155208536	 -0.19634954084936207	 0.029151693868504684	 0.00041618007356535383
-1.1780972450961724	 -0.19634954084936207	 0.034366168182726795	 0.0004838957805092236
-1.0799224746714913	 -0.19634954084936207	 0.04121802706402014	 0.000605638835926628
-0.9817477042468103	 -0.19634954084936207	 0.049204176260693296	 0.0006923773242903557
-0.8835729338221293	 -0.19634954084936207	 0.060156671723425585	 0.0008850871959417201
-0.7853981633974483	 -0.19634954084936207	 0.07991325128244975	 0.0011386064254788673
-0.6872233929727672	 -0.19634954084936207	 0.09909099652559157	 0.0013880041076148168
-0.5890486225480862	 -0.19634954084936207	 0.13193487262483328	 0.0019216031631815696
-0.4908738521234052	 -0.19634954084936207	 0.18327782010571742	 0.002630059503622433
-0.39269908169872414	 -0.19634954084936207	 0.24893930962936933	 0.0034728828067169077
-0.2945243112740431	 -0.19634954084936207	 0.3321143044237837	 0.004637116353152853
-0.19634954084936207	 -0.19634954084936207	 0.4149721330529075	 0.005733138813430921
-0.09817477042468103	 -0.19634954084936207	 0.26020506816054423	 0.003923469538909618
0.0	 -0.19634954084936207	 0.0019972036993954087	 3.249944041778687e-5
0.09817477042468103	 -0.19634954084936207	 0.26020506816054423	 0.003923469538909618
0.19634954084936207	 -0.19634954084936207	 0.4149721330529075	 0.005733138813430921
0.2945243112740431	 -0.19634954084936207	 0.3321143044237837	 0.004637116353152853
0.39269908169872414	 -0.19634954084936207	 0.24893930962936933	 0.0034728828067169077
0.4908738521234052	 -0.19634954084936207	 0.18327782010571742	 0.002630059503622433
0.5890486225480862	 -0.19634954084936207	 0.13193487262483328	 0.0019216031631815696
0.6872233929727672	 -0.19634954084936207	 0.09909099652559157	 0.0013880041076148168
0.7853981633974483	 -0.19634954084936207	 0.07991325128244975	 0.0011386064254788673
0.8835729338221293	 -0.19634954084936207	 0.060156671723425585	 0.0008850871959417201
0.9817477042468103	 -0.19634954084936207	 0.049204176260693296	 0.0006923773242903557
1.0799224746714913	 -0.19634954084936207	 0.04121802706402014	 0.000605638835926628
1.1780972450961724	 -0.19634954084936207	 0.034366168182726795	 0.0004838957805092236
1.2762720155208536	 -0.19634954084936207	 0.029151693868504684	 0.00041618007356535383
1.3744467859455345	 -0.19634954084936207	 0.02468395908109674	 0.0003464987603588585
1.4726215563702154	 -0.19634954084936207	 0.02182916258480282	 0.00030509424073969603
1.5707963267948966	 -0.19634954084936207	 0.01854488946385642	 0.0002469055772783336
1.6689710972195777	 -0.19634954084936207	 0.016135949564839887	 0.0002214071223180029
1.7671458676442586	 -0.19634954084936207	 0.014524363256306625	 0.00020804763366144804
1.8653206380689396	 -0.19634954084936207	 0.012898557993552207	 0.00018789599832338125
1.9634954084936207	 -0.19634954084936207	 0.011263734914756933	 0.000159027928535771
2.061670178918302	 -0.19634954084936207	 0.010514458713017672	 0.00014929300350999562
2.1598449493429825	 -0.19634954084936207	 0.009174188090602213	 0.0001230926089444122
2.2580197197676637	 -0.19634954084936207	 0.008514616139014206	 0.00011441893344724921
2.356194490192345	 -0.19634954084936207	 0.007642304047772971	 0.00010469593750913582
2.454369260617026	 -0.19634954084936207	 0.007012515212471837	 9.54068092153638e-5
2.552544031041707	 -0.19634954084936207	 0.006399501667394915	 8.840579382422613e-5
2.650718801466388	 -0.19634954084936207	 0.005962855016680547	 8.358482450168882e-5
2.748893571891069	 -0.19634954084936207	 0.005590011458507941	 7.526920823362914e-5
2.84706834231575	 -0.19634954084936207	 0.005243718984129736	 7.28420554143075e-5
2.945243112740431	 -0.19634954084936207	 0.004735453441602105	 6.639171399601888e-5
3.043417883165112	 -0.19634954084936207	 0.0044776717571001975	 6.371651352175555e-5
3.141592653589793	 -0.19634954084936207	 0.00429711745894292	 5.8709028285384665e-5

-3.141592653589793	 -0.09817477042468103	 0.0010926143531576268	 1.4386977248719204e-5
-3.043417883165112	 -0.09817477042468103	 0.0011443763522750816	 1.61564914169412e-5
-2.945243112740431	 -0.09817477042468103	 0.0012320520912234374	 1.682835718725536e-5
-2.84706834231575	 -0.09817477042468103	 0.0012863324501620184	 1.7999353084383456e-5
-2.748893571891069	 -0.09817477042468103	 0.0014127598030004543	 1.9481704850361524e-5
-2.650718801466388	 -0.09817477042468103	 0.001528854818379936	 2.134033742486551e-5
-2.552544031041707	 -0.09817477042468103	 0.0016154592245185492	 2.2580762821719037e-5
-2.454369260617026	 -0.09817477042468103	 0.0018442103164414707	 2.5138235785491303e-5
-2.356194490192345	 -0.09817477042468103	 0.00199041700957063	 2.657635952907704e-5
-2.2580197197676637	 -0.09817477042468103	 0.0021395725808913387	 3.0017322963888276e-5
-2.1598449493429825	 -0.09817477042468103	 0.002361900027551037	 3.3322415513539636e-5
-2.061670178918302	 -0.09817477042468103	 0.002664832314078678	 3.9372631755479366e-5
-1.9634954084936207	 -0.09817477042468103	 0.002880128970758328	 4.133961753946918e-5
-1.8653206380689396	 -0.09817477042468103	 0.003309374993749342	 4.5094973772353834e-5
-1.7671458676442586	 -0.09817477042468103	 0.003670460359439656	 4.83668854071175e-5
-1.6689710972195777	 -0.09817477042468103	 0.0040885616190526565	 5.750083397361153e-5
-1.5707963267948966	 -0.09817477042468103	 0.004865816529541395	 7.110117987363481e-5
-1.4726215563702154	 -0.09817477042468103	 0.005557204189214833	 8.038768348018829e-5
-1.3744467859455345	 -0.09817477042468103	 0.006404582698659304	 8.79861468187665e-5
-1.2762720155208536	 -0.09817477042468103	 0.007605824555848168	 0.00010468796641900915
-1.1780972450961724	 -0.09817477042468103	 0.00897656889196082	 0.00012596182735746868
-1.0799224746714913	 -0.09817477042468103	 0.010865730842351536	 0.00015460642170668146
-0.9817477042468103	 -0.09817477042468103	 0.01349764563121432	 0.00018480529501117526
-0.8835729338221293	 -0.09817477042468103	 0.0167799372473271	 0.0002381922702113654
-0.7853981633974483	 -0.09817477042468103	 0.021942613082688574	 0.00031369198278904096
-0.6872233929727672	 -0.09817477042468103	 0.028628228347882416	 0.0004113701664294784
-0.5890486225480862	 -0.09817477042468103	 0.04016395754430972	 0.0005714934855405023
-0.4908738521234052	 -0.09817477042468103	 0.055288583796169855	 0.0007655031575574566
-0.39269908169872414	 -0.09817477042468103	 0.08643017434380576	 0.001223262236597928
-0.2945243112740431	 -0.09817477042468103	 0.14362173071053227	 0.0019808256762723214
-0.19634954084936207	 -0.09817477042468103	 0.2779800814177075	 0.0037047003475872624
-0.09817477042468103	 -0.09817477042468103	 0.43107920895171203	 0.005865255329873291
0.0	 -0.09817477042468103	 0.007802099407036197	 0.0001323602695002024
0.09817477042468103	 -0.09817477042468103	 0.43107920895171203	 0.005865255329873291
0.19634954084936207	 -0.09817477042468103	 0.2779800814177075	 0.0037047003475872624
0.2945243112740431	 -0.09817477042468103	 0.14362173071053227	 0.0019808256762723214
0.39269908169872414	 -0.09817477042468103	 0.08643017434380576	 0.001223262236597928
0.4908738521234052	 -0.09817477042468103	 0.055288583796169855	 0.0007655031575574566
0.5890486225480862	 -0.09817477042468103	 0.04016395754430972	 0.0005714934855405023
0.6872233929727672	 -0.09817477042468103	 0.028628228347882416	 0.0004113701664294784
0.7853981633974483	 -0.09817477042468103	 0.021942613082688574	 0.00031369198278904096
0.8835729338221293	 -0.09817477042468103	 0.0167799372473271	 0.0002381922702113654
0.9817477042468103	 -0.09817477042468103	 0.01349764563121432	 0.00018480529501117526
1.0799224746714913	 -0.09817477042468103	 0.010865730842351536	 0.00015460642170668146
1.1780972450961724	 -0.09817477042468103	 0.00897656889196082	 0.00012596182735746868
1.2762720155208536	 -0.09817477042468103	 0.007605824555848168	 0.00010468796641900915
1.3744467859455345	 -0.09817477042468103	 0.006404582698659304	 8.79861468187665e-5
1.4726215563702154	 -0.09817477042468103	 0.005557204189214833	 8.038768348018829e-5
1.5707963267948966	 -0.09817477042468103	 0.004865816529541395	 7.110117987363481e-5
1.6689710972195777	 -0.09817477042468103	 0.0040885616190526565	 5.750083397361153e-5
1.7671458676442586	 -0.09817477042468103	 0.003670460359439656	 4.83668854071175e-5
1.8653206380689396	 -0.09817477042468103	 0.003309374993749342	 4.5094973772353834e-5
1.9634954084936207	 -0.09817477042468103	 0.002880128970758328	 4.133961753946918e-5
2.061670178918302	 -0.09817477042468103	 0.002664832314078678	 3.9372631755479366e-5
2.1598449493429825	 -0.09817477042468103	 0.002361900027551037	 3.3322415513539636e-5
2.2580197197676637	 -0.09817477042468103	 0.0021395725808913387	 3.0017322963888276e-5
2.356194490192345	 -0.09817477042468103	 0.00199041700957063	 2.657635952907704e-5
2.454369260617026	 -0.09817477042468103	 0.0018442103164414707	 2.5138235785491303e-5
2.552544031041707	 -0.09817477042468103	 0.0016154592245185492	 2.2580762821719037e-5
2.650718801466388	 -0.09817477042468103	 0.001528854818379936	 2.134033742486551e-5
2.748893571891069	 -0.09817477042468103	 0.0014127598030004543	 1.9481704850361524e-5
2.84706834231575	 -0.09817477042468103	 0.0012863324501620184	 1.7999353084383456e-5
2.945243112740431	 -0.09817477042468103	 0.0012320520912234374	 1.682835718725536e-5
3.043417883165112	 -0.09817477042468103	 0.0011443763522750816	 1.61564914169412e-5
3.141592653589793	 -0.09817477042468103	 0.0010926143531576268	 1.4386977248719204e-5

-3.141592653589793	 0.0	 7.606652576220713e-6	 1.2847111722921965e-7
-3.043417883165112	 0.0	 8.120792715381278e-6	 1.3060281069077823e-7
-2.945243112740431	 0.0	 8.331630923569827e-6	 1.3616564687815978e-7
-2.84706834231575	 0.0	 9.282074596742254e-6	 1.618935328441215e-7
-2.748893571891069	 0.0	 9.915675794346331e-6	 1.604772633407392e-7
-2.650718801466388	 0.0	 1.059507372361428e-5	 1.5711392929498028e-7
-2.552544031041707	 0.0	 1.1535527946628749e-5	 1.9377138424749992e-7
-2.454369260617026	 0.0	 1.2268190084435883e-5	 2.0752390619785938e-7
-2.356194490192345	 0.0	 1.3662029717422104e-5	 2.2674923115689587e-7
-2.2580197197676637	 0.0	 1.4608962439967295e-5	 2.3616836368074542e-7
-2.1598449493429825	 0.0	 1.6250510820944055e-5	 2.5248591738361393e-7
-2.061670178918302	 0.0	 1.7592186378081456e-5	 2.972814615175472e-7
-1.9634954084936207	 0.0	 1.9989364044569773e-5	 3.280965404076343e-7
-1.8653206380689396	 0.0	 2.145116191670036e-5	 3.5223014214249255e-7
-1.7671458676442586	 0.0	 2.3417909884311836e-5	 3.875602285947887e-7
-1.6689710972195777	 0.0	 2.6549556133009025e-5	 4.4113011050183876e-7
-1.5707963267948966	 0.0	 3.153581862727757e-5	 5.081878836837704e-7
-1.4726215563702154	 0.0	 3.539351084617033e-5	 5.726787911912235e-7
-1.3744467859455345	 0.0	 3.884650601529612e-5	 6.355670652920682e-7
-1.2762720155208536	 0.0	 4.614290487104704e-5	 7.5961000996105e-7
-1.1780972450961724	 0.0	 5.464700620728142e-5	 9.08578923013069e-7
-1.0799224746714913	 0.0	 6.582070575318785e-5	 1.113604693934097e-6
-0.9817477042468103	 0.0	 7.805945573456381e-5	 1.2846930131557784e-6
-0.8835729338221293	 0.0	 9.587688344879651e-5	 1.694416176546794e-6
-0.7853981633974483	 0.0	 0.00012097691626805998	 1.9258860624550465e-6
-0.6872233929727672	 0.0	 0.00015829636691582592	 2.684153796512833e-6
-0.5890486225480862	 0.0	 0.00022302733520153977	 3.7362764862345512e-6
-0.4908738521234052	 0.0	 0.0003116118036716095	 5.078970789772047e-6
-0.39269908169872414	 0.0	 0.0004914517876493579	 7.971827904166508e-6
-0.2945243112740431	 0.0	 0.0008603328673119066	 1.4281658181475683e-5
-0.19634954084936207	 0.0	 0.0019643426086532008	 3.2580756796290095e-5
-0.09817477042468103	 0.0	 0.007698135122811998	 0.000127030303459223
0.0	 0.0	 0.47131060870963126	 0.009586976510622238
0.09817477042468103	 0.0	 0.007698135122811998	 0.000127030303459223
0.19634954084936207	 0.0	 0.0019643426086532008	 3.2580756796290095e-5
0.2945243112740431	 0.0	 0.0008603328673119066	 1.4281658181475683e-5
0.39269908169872414	 0.0	 0.0004914517876493579	 7.971827904166508e-6
0.4908738521234052	 0.0	 0.0003116118036716095	 5.078970789772047e-6
0.5890486225480862	 0.0	 0.00022302733520153977	 3.7362764862345512e-6
0.6872233929727672	 0.0	 0.00015829636691582592	 2.684153796512833e-6
0.7853981633974483	 0.0	 0.00012097691626805998	 1.9258860624550465e-6
0.8835729338221293	 0.0	 9.587688344879651e-5	 1.694416176546794e-6
0.9817477042468103	 0.0	 7.805945573456381e-5	 1.2846930131557784e-6
1.0799224746714913	 0.0	 6.582070575318785e-5	 1.113604693934097e-6
1.1780972450961724	 0.0	 5.464700620728142e-5	 9.08578923013069e-7
1.2762720155208536	 0.0	 4.614290487104704e-5	 7.5961000996105e-7
1.3744467859455345	 0.0	 3.884650601529612e-5	 6.355670652920682e-7
1.4726215563702154	 0.0	 3.539351084617033e-5	 5.726787911912235e-7
1.5707963267948966	 0.0	 3.153581862727757e-5	 5.081878836837704e-7
1.6689710972195777	 0.0	 2.6549556133009025e-5	 4.4113011050183876e-7
1.7671458676442586	 0.0	 2.3417909884311836e-5	 3.875602285947887e-7
1.8653206380689396	 0.0	 2.145116191670036e-5	 3.5223014214249255e-7
1.9634954084936207	 0.0	 1.9989364044569773e-5	 3.280965404076343e-7
2.061670178918302	 0.0	 1.7592186378081456e-5	 2.972814615175472e-7
2.1598449493429825	 0.0	 1.6250510820944055e-5	 2.5248591738361393e-7
2.2580197197676637	 0.0	 1.4608962439967295e-5	 2.3616836368074542e-7
2.356194490192345	 0.0	 1.3662029717422104e-5	 2.2674923115689587e-7
2.454369260617026	 0.0	 1.2268190084435883e-5	 2.0752390619785938e-7
2.552544031041707	 0.0	 1.1535527946628749e-5	 1.9377138424749992e-7
2.650718801466388	 0.0	 1.059507372361428e-5	 1.5711392929498028e-7
2.748893571891069	 0.0	 9.915675794346331e-6	 1.604772633407392e-7
2.84706834231575	 0.0	 9.282074596742254e-6	 1.618935328441215e-7
2.945243112740431	 0.0	 8.331630923569827e-6	 1.3616564687815978e-7
3.043417883165112	 0.0	 8.120792715381278e-6	 1.3060281069077823e-7
3.141592653589793	 0.0	 7.606652576220713e-6	 1.2847111722921965e-7

-3.141592653589793	 0.09817477042468103	 0.0010988568972924348	 1.669198422726466e-5
-3.043417883165112	 0.09817477042468103	 0.001141504276019097	 1.632689959724967e-5
-2.945243112740431	 0.09817477042468103	 0.001257662096002658	 1.741701828859148e-5
-2.84706834231575	 0.09817477042468103	 0.0013552364716070957	 1.902977693403367e-5
-2.748893571891069	 0.09817477042468103	 0.0014315385655861953	 2.031616421605659e-5
-2.650718801466388	 0.09817477042468103	 0.0015236388458090518	 2.155181501888304e-5
-2.552544031041707	 0.09817477042468103	 0.0016622748390035312	 2.2794775017584166e-5
-2.454369260617026	 0.09817477042468103	 0.0017817561937423566	 2.5117092468149318e-5
-2.356194490192345	 0.09817477042468103	 0.001942438688838518	 2.753389548618823e-5
-2.2580197197676637	 0.09817477042468103	 0.002175994304686851	 3.132768551527237e-5
-2.1598449493429825	 0.09817477042468103	 0.002344063717666045	 3.318051189944806e-5
-2.061670178918302	 0.09817477042468103	 0.0027039216942568263	 3.682067981994689e-5
-1.9634954084936207	 0.09817477042468103	 0.0029819747536120557	 4.423519817752085e-5
-1.8653206380689396	 0.09817477042468103	 0.0033009550810158723	 4.6046013886044366e-5
-1.7671458676442586	 0.09817477042468103	 0.0037433859557542658	 4.862893720699968e-5
-1.6689710972195777	 0.09817477042468103	 0.0041966077161410004	 5.66472531843403e-5
-1.5707963267948966	 0.09817477042468103	 0.004764864864062933	 6.474858768080643e-5
-1.4726215563702154	 0.09817477042468103	 0.005530888036351474	 7.743107732714599e-5
-1.3744467859455345	 0.09817477042468103	 0.006586257810237866	 9.152768838545463e-5
-1.2762720155208536	 0.09817477042468103	 0.007655533025150946	 0.00010724935220154689
-1.1780972450961724	 0.09817477042468103	 0.008996068904071926	 0.0001257119728983243
-1.0799224746714913	 0.09817477042468103	 0.011134015441035391	 0.0001517220695065363
-0.9817477042468103	 0.09817477042468103	 0.012905902862263492	 0.0001833904645752278
-0.8835729338221293	 0.09817477042468103	 0.01683776291705022	 0.0002332786863635663
-0.7853981633974483	 0.09817477042468103	 0.02108914491461493	 0.00029221906317413793
-0.6872233929727672	 0.09817477042468103	 0.027719394344479564	 0.000370203361004514
-0.5890486225480862	 0.09817477042468103	 0.037541682392512925	 0.0005266177210574653
-0.4908738521234052	 0.09817477042468103	 0.055935775568280416	 0.0007770657969288974
-0.39269908169872414	 0.09817477042468103	 0.08750482138147779	 0.0012386675381252444
-0.2945243112740431	 0.09817477042468103	 0.1427134431274236	 0.0019201128181900876
-0.19634954084936207	 0.09817477042468103	 0.2665390137603087	 0.0036541402067078827
-0.09817477042468103	 0.09817477042468103	 0.4372729178099199	 0.006172136222078998
0.0	 0.09817477042468103	 0.007802099407036197	 0.0001323602695002024
0.09817477042468103	 0.09817477042468103	 0.4372729178099199	 0.006172136222078998
0.19634954084936207	 0.09817477042468103	 0.2665390137603087	 0.0036541402067078827
0.2945243112740431	 0.09817477042468103	 0.1427134431274236	 0.0019201128181900876
0.39269908169872414	 0.09817477042468103	 0.08750482138147779	 0.0012386675381252444
0.4908738521234052	 0.09817477042468103	 0.055935775568280416	 0.0007770657969288974
0.5890486225480862	 0.09817477042468103	 0.037541682392512925	 0.0005266177210574653
0.6872233929727672	 0.09817477042468103	 0.027719394344479564	 0.000370203361004514
0.7853981633974483	 0.09817477042468103	 0.02108914491461493	 0.00029221906317413793
0.8835729338221293	 0.09817477042468103	 0.01683776291705022	 0.0002332786863635663
0.9817477042468103	 0.09817477042468103	 0.012905902862263492	 0.0001833904645752278
1.0799224746714913	 0.09817477042468103	 0.011134015441035391	 0.0001517220695065363
1.1780972450961724	 0.09817477042468103	 0.008996068904071926	 0.0001257119728983243
1.2762720155208536	 0.09817477042468103	 0.007655533025150946	 0.00010724935220154689
1.3744467859455345	 0.09817477042468103	 0.006586257810237866	 9.152768838545463e-5
1.4726215563702154	 0.09817477042468103	 0.005530888036351474	 7.743107732714599e-5
1.5707963267948966	 0.09817477042468103	 0.004764864864062933	 6.474858768080643e-5
1.6689710972195777	 0.09817477042468103	 0.0041966077161410004	 5.66472531843403e-5
1.7671458676442586	 0.09817477042468103	 0.0037433859557542658	 4.862893720699968e-5
1.8653206380689396	 0.09817477042468103	 0.0033009550810158723	 4.6046013886044366e-5
1.9634954084936207	 0.09817477042468103	 0.0029819747536120557	 4.423519817752085e-5
2.061670178918302	 0.09817477042468103	 0.0027039216942568263	 3.682067981994689e-5
2.1598449493429825	 0.09817477042468103	 0.002344063717666045	 3.318051189944806e-5
2.2580197197676637	 0.09817477042468103	 0.002175994304686851	 3.132768551527237e-5
2.356194490192345	 0.09817477042468103	 0.001942438688838518	 2.753389548618823e-5
2.454369260617026	 0.09817477042468103	 0.0017817561937423566	 2.5117092468149318e-5
2.552544031041707	 0.09817477042468103	 0.0016622748390035312	 2.2794775017584166e-5
2.650718801466388	 0.09817477042468103	 0.0015236388458090518	 2.155181501888304e-5
2.748893571891069	 0.09817477042468103	 0.0014315385655861953	 2.031616421605659e-5
2.84706834231575	 0.09817477042468103	 0.0013552364716070957	 1.902977693403367e-5
2.945243112740431	 0.09817477042468103	 0.001257662096002658	 1.741701828859148e-5
3.043417883165112	 0.09817477042468103	 0.001141504276019097	 1.632689959724967e-5
3.141592653589793	 0.09817477042468103	 0.0010988568972924348	 1.669198422726466e-5

-3.141592653589793	 0.19634954084936207	 0.004323945345815828	 6.122638944052386e-5
-3.043417883165112	 0.19634954084936207	 0.00453477939793214	 6.079638853244415e-5
-2.945243112740431	 0.19634954084936207	 0.004790980109639788	 6.702166799076872e-5
-2.84706834231575	 0.19634954084936207	 0.00516392204003428	 7.189720285063774e-5
-2.748893571891069	 0.19634954084936207	 0.005556348655580238	 7.938854812740498e-5
-2.650718801466388	 0.19634954084936207	 0.006207975587310074	 8.580328359246733e-5
-2.552544031041707	 0.19634954084936207	 0.006622063821376823	 9.159753645438998e-5
-2.454369260617026	 0.19634954084936207	 0.006959416392129913	 9.659570888056528e-5
-2.356194490192345	 0.19634954084936207	 0.007709890989675583	 0.0001083196901088881
-2.2580197197676637	 0.19634954084936207	 0.008628598968372517	 0.0001242588322802686
-2.1598449493429825	 0.19634954084936207	 0.009448803123410246	 0.00013294859067198688
-2.061670178918302	 0.19634954084936207	 0.01047652281018415	 0.0001465859851321047
-1.9634954084936207	 0.19634954084936207	 0.011636544533156408	 0.00016489323307835007
-1.8653206380689396	 0.19634954084936207	 0.012938507967538235	 0.0001788834232865655
-1.7671458676442586	 0.19634954084936207	 0.01470500130317896	 0.00021650438287377298
-1.6689710972195777	 0.19634954084936207	 0.016731388636771274	 0.00024398353911268087
-1.5707963267948966	 0.19634954084936207	 0.018857938196758014	 0.0002611168232879309
-1.4726215563702154	 0.19634954084936207	 0.021392056604655072	 0.0002934405182652277
-1.3744467859455345	 0.19634954084936207	 0.02516176462068777	 0.0003498389054935651
-1.2762720155208536	 0.19634954084936207	 0.028430347176864403	 0.0004053585430320038
-1.1780972450961724	 0.19634954084936207	 0.034871538334627784	 0.0004739287143612787
-1.0799224746714913	 0.19634954084936207	 0.04172778805924517	 0.0005794774418025381
-0.9817477042468103	 0.19634954084936207	 0.05069762588158639	 0.0007023337615024924
-0.8835729338221293	 0.19634954084936207	 0.06335159780296964	 0.000901809875253605
-0.7853981633974483	 0.19634954084936207	 0.0791654754875768	 0.001125881149556518
-0.6872233929727672	 0.19634954084936207	 0.10104988543307834	 0.001380257632082582
-0.5890486225480862	 0.19634954084936207	 0.1322995493236309	 0.0017793999027881917
-0.4908738521234052	 0.19634954084936207	 0.1790889056611118	 0.0024642526981028317
-0.39269908169872414	 0.19634954084936207	 0.24232592948553028	 0.003423373525071573
-0.2945243112740431	 0.19634954084936207	 0.34047141565536115	 0.004845674285463211
-0.19634954084936207	 0.19634954084936207	 0.40405334820450656	 0.005584278191700012
-0.09817477042468103	 0.19634954084936207	 0.2647914664184562	 0.003693462684318991
0.0	 0.19634954084936207	 0.0019972036993954087	 3.249944041778687e-5
0.09817477042468103	 0.19634954084936207	 0.2647914664184562	 0.003693462684318991
0.19634954084936207	 0.19634954084936207	 0.40405334820450656	 0.005584278191700012
0.2945243112740431	 0.19634954084936207	 0.34047141565536115	 0.004845674285463211
0.39269908169872414	 0.19634954084936207	 0.24232592948553028	 0.003423373525071573
0.4908738521234052	 0.19634954084936207	 0.1790889056611118	 0.0024642526981028317
0.5890486225480862	 0.19634954084936207	 0.1322995493236309	 0.0017793999027881917
0.6872233929727672	 0.19634954084936207	 0.10104988543307834	 0.001380257632082582
0.7853981633974483	 0.19634954084936207	 0.0791654754875768	 0.001125881149556518
0.8835729338221293	 0.19634954084936207	 0.06335159780296964	 0.000901809875253605
0.9817477042468103	 0.19634954084936207	 0.05069762588158639	 0.0007023337615024924
1.0799224746714913	 0.19634954084936207	 0.04172778805924517	 0.0005794774418025381
1.1780972450961724	 0.19634954084936207	 0.034871538334627784	 0.0004739287143612787
1.2762720155208536	 0.19634954084936207	 0.028430347176864403	 0.0004053585430320038
1.3744467859455345	 0.19634954084936207	 0.02516176462068777	 0.0003498389054935651
1.4726215563702154	 0.19634954084936207	 0.021392056604655072	 0.0002934405182652277
1.5707963267948966	 0.19634954084936207	 0.018857938196758014	 0.0002611168232879309
1.6689710972195777	 0.19634954084936207	 0.016731388636771274	 0.00024398353911268087
1.7671458676442586	 0.19634954084936207	 0.01470500130317896	 0.00021650438287377298
1.8653206380689396	 0.19634954084936207	 0.012938507967538235	 0.0001788834232865655
1.9634954084936207	 0.19634954084936207	 0.011636544533156408	 0.00016489323307835007
2.061670178918302	 0.19634954084936207	 0.01047652281018415	 0.0001465859851321047
2.1598449493429825	 0.19634954084936207	 0.009448803123410246	 0.00013294859067198688
2.2580197197676637	 0.19634954084936207	 0.008628598968372517	 0.0001242588322802686
2.356194490192345	 0.19634954084936207	 0.007709890989675583	 0.0001083196901088881
2.454369260617026	 0.19634954084936207	 0.006959416392129913	 9.659570888056528e-5
2.552544031041707	 0.19634954084936207	 0.006622063821376823	 9.159753645438998e-5
2.650718801466388	 0.19634954084936207	 0.006207975587310074	 8.580328359246733e-5
2.748893571891069	 0.19634954084936207	 0.005556348655580238	 7.938854812740498e-5
2.84706834231575	 0.19634954084936207	 0.00516392204003428	 7.189720285063774e-5
2.945243112740431	 0.19634954084936207	 0.004790980109639788	 6.702166799076872e-5
3.043417883165112	 0.19634954084936207	 0.00453477939793214	 6.079638853244415e-5
3.141592653589793	 0.19634954084936207	 0.004323945345815828	 6.122638944052386e-5

-3.141592653589793	 0.2945243112740431	 0.009483082659517781	 0.0001307486293246433
-3.043417883165112	 0.2945243112740431	 0.010162848298211081	 0.00014141876712131746
-2.945243112740431	 0.2945243112740431	 0.010726466529990103	 0.00015870237249080978
-2.84706834231575	 0.2945243112740431	 0.011610939671891828	 0.00016000468100976144
-2.748893571891069	 0.2945243112740431	 0.012949625971286545	 0.00017948186580718113
-2.650718801466388	 0.2945243112740431	 0.013377307829677419	 0.00018325076140212614
-2.552544031041707	 0.2945243112740431	 0.01416293651469517	 0.00019949025915009855
-2.454369260617026	 0.2945243112740431	 0.015742598474890658	 0.00021585430966803527
-2.356194490192345	 0.2945243112740431	 0.01723072810996921	 0.00023058316048210192
-2.2580197197676637	 0.2945243112740431	 0.01814755438004443	 0.0002553009936502881
-2.1598449493429825	 0.2945243112740431	 0.020749883078100165	 0.00028986372233988253
-2.061670178918302	 0.2945243112740431	 0.023046446149936246	 0.00031823686038880616
-1.9634954084936207	 0.2945243112740431	 0.025497408138509953	 0.0003579770372329453
-1.8653206380689396	 0.2945243112740431	 0.02785868610209003	 0.00040442869001303567
-1.7671458676442586	 0.2945243112740431	 0.031166725518995016	 0.0004228661589968294
-1.6689710972195777	 0.2945243112740431	 0.03604769384229056	 0.0004970205547280633
-1.5707963267948966	 0.2945243112740431	 0.03996035261256876	 0.0005526552055498692
-1.4726215563702154	 0.2945243112740431	 0.046578463146107266	 0.0006402272630327871
-1.3744467859455345	 0.2945243112740431	 0.053455392485146316	 0.0007462949090403375
-1.2762720155208536	 0.2945243112740431	 0.06289985993675852	 0.0008582231655040449
-1.1780972450961724	 0.2945243112740431	 0.07072764959481409	 0.0009463149033376165
-1.0799224746714913	 0.2945243112740431	 0.08379678275036836	 0.0011455766632981275
-0.9817477042468103	 0.2945243112740431	 0.10103709574297341	 0.001419232048520449
-0.8835729338221293	 0.2945243112740431	 0.1250357002076179	 0.0017232117051743708
-0.7853981633974483	 0.2945243112740431	 0.15063539841817156	 0.002070726320231212
-0.6872233929727672	 0.2945243112740431	 0.1877319088596483	 0.0025609936118987336
-0.5890486225480862	 0.2945243112740431	 0.22820258856125805	 0.003213934646332781
-0.4908738521234052	 0.2945243112740431	 0.29029853630952435	 0.004165381426014658
-0.39269908169872414	 0.2945243112740431	 0.3420455254393088	 0.004780709118032399
-0.2945243112740431	 0.2945243112740431	 0.39133479770548146	 0.005591617266062568
-0.19634954084936207	 0.2945243112740431	 0.3352014643713355	 0.004690749215582231
-0.09817477042468103	 0.2945243112740431	 0.14649339369475348	 0.0020656633024124056
0.0	 0.2945243112740431	 0.0008652771150757245	 1.4289546457596248e-5
0.09817477042468103	 0.2945243112740431	 0.14649339369475348	 0.0020656633024124056
0.19634954084936207	 0.2945243112740431	 0.3352014643713355	 0.004690749215582231
0.2945243112740431	 0.2945243112740431	 0.39133479770548146	 0.005591617266062568
0.39269908169872414	 0.2945243112740431	 0.3420455254393088	 0.004780709118032399
0.4908738521234052	 0.2945243112740431	 0.29029853630952435	 0.004165381426014658
0.5890486225480862	 0.2945243112740431	 0.22820258856125805	 0.003213934646332781
0.6872233929727672	 0.2945243112740431	 0.1877319088596483	 0.0025609936118987336
0.7853981633974483	 0.2945243112740431	 0.15063539841817156	 0.002070726320231212
0.8835729338221293	 0.2945243112740431	 0.1250357002076179	 0.0017232117051743708
0.9817477042468103	 0.2945243112740431	 0.10103709574297341	 0.001419232048520449
1.0799224746714913	 0.2945243112740431	 0.08379678275036836	 0.0011455766632981275
1.1780972450961724	 0.2945243112740431	 0.07072764959481409	 0.0009463149033376165
1.2762720155208536	 0.2945243112740431	 0.06289985993675852	 0.0008582231655040449
1.3744467859455345	 0.2945243112740431	 0.053455392485146316	 0.0007462949090403375
1.4726215563702154	 0.2945243112740431	 0.046578463146107266	 0.0006402272630327871
1.5707963267948966	 0.2945243112740431	 0.03996035261256876	 0.0005526552055498692
1.6689710972195777	 0.2945243112740431	 0.03604769384229056	 0.0004970205547280633
1.7671458676442586	 0.2945243112740431	 0.031166725518995016	 0.0004228661589968294
1.8653206380689396	 0.2945243112740431	 0.02785868610209003	 0.00040442869001303567
1.9634954084936207	 0.2945243112740431	 0.025497408138509953	 0.0003579770372329453
2.061670178918302	 0.2945243112740431	 0.023046446149936246	 0.00031823686038880616
2.1598449493429825	 0.2945243112740431	 0.020749883078100165	 0.00028986372233988253
2.2580197197676637	 0.2945243112740431	 0.01814755438004443	 0.0002553009936502881
2.356194490192345	 0.2945243112740431	 0.01723072810996921	 0.00023058316048210192
2.454369260617026	 0.2945243112740431	 0.015742598474890658	 0.00021585430966803527
2.552544031041707	 0.2945243112740431	 0.01416293651469517	 0.00019949025915009855
2.650718801466388	 0.2945243112740431	 0.013377307829677419	 0.00018325076140212614
2.748893571891069	 0.2945243112740431	 0.012949625971286545	 0.00017948186580718113
2.84706834231575	 0.2945243112740431	 0.011610939671891828	 0.00016000468100976144
2.945243112740431	 0.2945243112740431	 0.010726466529990103	 0.00015870237249080978
3.043417883165112	 0.2945243112740431	 0.010162848298211081	 0.00014141876712131746
3.141592653589793	 0.2945243112740431	 0.009483082659517781	 0.0001307486293246433

-3.141592653589793	 0.39269908169872414	 0.01651108036773666	 0.0002292595968099205
-3.043417883165112	 0.39269908169872414	 0.01789283625831927	 0.0002470456575124707
-2.945243112740431	 0.39269908169872414	 0.018569195745188206	 0.00026356559431959983
-2.84706834231575	 0.39269908169872414	 0.019787788758041085	 0.0002767073499095181
-2.748893571891069	 0.39269908169872414	 0.021840862556621484	 0.0003290367811032062
-2.650718801466388	 0.39269908169872414	 0.02353362537447233	 0.0003261886333822266
-2.552544031041707	 0.39269908169872414	 0.02501942461729758	 0.0003466584925736379
-2.454369260617026	 0.39269908169872414	 0.02757697298033058	 0.0003868911886631494
-2.356194490192345	 0.39269908169872414	 0.02975650510892412	 0.0004301698410661519
-2.2580197197676637	 0.39269908169872414	 0.03212338964678015	 0.00043911977647466253
-2.1598449493429825	 0.39269908169872414	 0.03581071927461748	 0.0004975032489039295
-2.061670178918302	 0.39269908169872414	 0.039175779188724814	 0.0005389537257973942
-1.9634954084936207	 0.39269908169872414	 0.04351626376934283	 0.0006175276559702739
-1.8653206380689396	 0.39269908169872414	 0.04784070536123595	 0.0007051126712031922
-1.7671458676442586	 0.39269908169872414	 0.05376056671197509	 0.000771510569905801
-1.6689710972195777	 0.39269908169872414	 0.05894238484189124	 0.0008238748883648127
-1.5707963267948966	 0.39269908169872414	 0.06800609568612705	 0.000982611071555771
-1.4726215563702154	 0.39269908169872414	 0.07716932035026465	 0.0010182123177440872
-1.3744467859455345	 0.39269908169872414	 0.08630894738752919	 0.0012023770260853027
-1.2762720155208536	 0.39269908169872414	 0.09833163977570836	 0.0013700283303973524
-1.1780972450961724	 0.39269908169872414	 0.1170487398505694	 0.0015672016177019938
-1.0799224746714913	 0.39269908169872414	 0.1397410098875163	 0.0019446880296927341
-0.9817477042468103	 0.39269908169872414	 0.15792897427770997	 0.002147574412712244
-0.8835729338221293	 0.39269908169872414	 0.1862154039926775	 0.0025295435250160345
-0.7853981633974483	 0.39269908169872414	 0.22123605656880818	 0.0031112963139389715
-0.6872233929727672	 0.39269908169872414	 0.26184348736053387	 0.0036454918720856826
-0.5890486225480862	 0.39269908169872414	 0.30769633917353933	 0.004366164723197063
-0.4908738521234052	 0.39269908169872414	 0.34623388395541893	 0.004958330299929615
-0.39269908169872414	 0.39269908169872414	 0.37722400379324755	 0.005080777963468971
-0.2945243112740431	 0.39269908169872414	 0.35127019414515825	 0.004861125517641211
-0.19634954084936207	 0.39269908169872414	 0.24396532796924697	 0.0033968942006322935
-0.09817477042468103	 0.39269908169872414	 0.08626377455596236	 0.0011811179004488914
0.0	 0.39269908169872414	 0.000491151030367477	 8.074270670946864e-6
0.09817477042468103	 0.39269908169872414	 0.08626377455596236	 0.0011811179004488914
0.19634954084936207	 0.39269908169872414	 0.24396532796924697	 0.0033968942006322935
0.2945243112740431	 0.39269908169872414	 0.35127019414515825	 0.004861125517641211
0.39269908169872414	 0.39269908169872414	 0.37722400379324755	 0.005080777963468971
0.4908738521234052	 0.39269908169872414	 0.34623388395541893	 0.004958330299929615
0.5890486225480862	 0.39269908169872414	 0.30769633917353933	 0.004366164723197063
0.6872233929727672	 0.39269908169872414	 0.26184348736053387	 0.0036454918720856826
0.7853981633974483	 0.39269908169872414	 0.22123605656880818	 0.0031112963139389715
0.8835729338221293	 0.39269908169872414	 0.1862154039926775	 0.0025295435250160345
0.9817477042468103	 0.39269908169872414	 0.15792897427770997	 0.002147574412712244
1.0799224746714913	 0.39269908169872414	 0.1397410098875163	 0.0019446880296927341
1.1780972450961724	 0.39269908169872414	 0.1170487398505694	 0.0015672016177019938
1.2762720155208536	 0.39269908169872414	 0.09833163977570836	 0.0013700283303973524
1.3744467859455345	 0.39269908169872414	 0.08630894738752919	 0.0012023770260853027
1.4726215563702154	 0.39269908169872414	 0.07716932035026465	 0.0010182123177440872
1.5707963267948966	 0.39269908169872414	 0.06800609568612705	 0.000982611071555771
1.6689710972195777	 0.39269908169872414	 0.05894238484189124	 0.0008238748883648127
1.7671458676442586	 0.39269908169872414	 0.05376056671197509	 0.000771510569905801
1.8653206380689396	 0.39269908169872414	 0.04784070536123595	 0.0007051126712031922
1.9634954084936207	 0.39269908169872414	 0.04351626376934283	 0.0006175276559702739
2.061670178918302	 0.39269908169872414	 0.039175779188724814	 0.0005389537257973942
2.1598449493429825	 0.39269908169872414	 0.03581071927461748	 0.0004975032489039295
2.2580197197676637	 0.39269908169872414	 0.03212338964678015	 0.00043911977647466253
2.356194490192345	 0.39269908169872414	 0.02975650510892412	 0.0004301698410661519
2.454369260617026	 0.39269908169872414	 0.02757697298033058	 0.0003868911886631494
2.552544031041707	 0.39269908169872414	 0.02501942461729758	 0.0003466584925736379
2.650718801466388	 0.39269908169872414	 0.02353362537447233	 0.0003261886333822266
2.748893571891069	 0.39269908169872414	 0.021840862556621484	 0.0003290367811032062
2.84706834231575	 0.39269908169872414	 0.019787788758041085	 0.0002767073499095181
2.945243112740431	 0.39269908169872414	 0.018569195745188206	 0.00026356559431959983
3.043417883165112	 0.39269908169872414	 0.01789283625831927	 0.0002470456575124707
3.141592653589793	 0.39269908169872414	 0.01651108036773666	 0.0002292595968099205

-3.141592653589793	 0.4908738521234052	 0.02515894987266511	 0.0003550423436332833
-3.043417883165112	 0.4908738521234052	 0.027118768464055913	 0.0003818769759564343
-2.945243112740431	 0.4908738521234052	 0.02907601523643376	 0.0004144420370282096
-2.84706834231575	 0.4908738521234052	 0.031349835669483524	 0.0004353940795088833
-2.748893571891069	 0.4908738521234052	 0.03380317223735309	 0.0004471583024743466
-2.650718801466388	 0.4908738521234052	 0.03496125623654268	 0.0004919690302275245
-2.552544031041707	 0.4908738521234052	 0.03817645768765572	 0.000529862984225428
-2.454369260617026	 0.4908738521234052	 0.040961475491656296	 0.0005637061169251582
-2.356194490192345	 0.4908738521234052	 0.04584402602260225	 0.0006300424565231549
-2.2580197197676637	 0.4908738521234052	 0.048902383117059765	 0.0007002808174268083
-2.1598449493429825	 0.4908738521234052	 0.05447328799584668	 0.0007695285111259398
-2.061670178918302	 0.4908738521234052	 0.05884588644927678	 0.0007994245951762529
-1.9634954084936207	 0.4908738521234052	 0.06520164347954936	 0.0009072260983467328
-1.8653206380689396	 0.4908738521234052	 0.07120511461273997	 0.0010334658197416534
-1.7671458676442586	 0.4908738521234052	 0.080937061924514	 0.001128447259721858
-1.6689710972195777	 0.4908738521234052	 0.09142419258652804	 0.0013048540609429792
-1.5707963267948966	 0.4908738521234052	 0.1000526329668234	 0.0014688329440258779
-1.4726215563702154	 0.4908738521234052	 0.10980825723091439	 0.0015781434326605959
-1.3744467859455345	 0.4908738521234052	 0.12934929358505712	 0.0018638078041406376
-1.2762720155208536	 0.4908738521234052	 0.14664649545576006	 0.0021466116976720335
-1.1780972450961724	 0.4908738521234052	 0.16408843477166338	 0.0022750664664810457
-1.0799224746714913	 0.4908738521234052	 0.18729472002207725	 0.002733947398968553
-0.9817477042468103	 0.4908738521234052	 0.21574680505475236	 0.0029576563470568224
-0.8835729338221293	 0.4908738521234052	 0.241775894549427	 0.003330743609081051
-0.7853981633974483	 0.4908738521234052	 0.27548132096106726	 0.00387361183152415
-0.6872233929727672	 0.4908738521234052	 0.30958293327317465	 0.004229347732347793
-0.5890486225480862	 0.4908738521234052	 0.3393142593520748	 0.004814610513349765
-0.4908738521234052	 0.4908738521234052	 0.3626293826523827	 0.004987777684281132
-0.39269908169872414	 0.4908738521234052	 0.34328245988644657	 0.004776134006989522
-0.2945243112740431	 0.4908738521234052	 0.2883657352729109	 0.00404805588214376
-0.19634954084936207	 0.4908738521234052	 0.18106039294797033	 0.002510677587715046
-0.09817477042468103	 0.4908738521234052	 0.05670774449536923	 0.0007460415499647809
0.0	 0.4908738521234052	 0.00030769381242800876	 5.2609905354642505e-6
0.09817477042468103	 0.4908738521234052	 0.05670774449536923	 0.0007460415499647809
0.19634954084936207	 0.4908738521234052	 0.18106039294797033	 0.002510677587715046
0.2945243112740431	 0.4908738521234052	 0.2883657352729109	 0.00404805588214376
0.39269908169872414	 0.4908738521234052	 0.34328245988644657	 0.004776134006989522
0.4908738521234052	 0.4908738521234052	 0.3626293826523827	 0.004987777684281132
0.5890486225480862	 0.4908738521234052	 0.3393142593520748	 0.004814610513349765
0.6872233929727672	 0.4908738521234052	 0.30958293327317465	 0.004229347732347793
0.7853981633974483	 0.4908738521234052	 0.27548132096106726	 0.00387361183152415
0.8835729338221293	 0.4908738521234052	 0.241775894549427	 0.003330743609081051
0.9817477042468103	 0.4908738521234052	 0.21574680505475236	 0.0029576563470568224
1.0799224746714913	 0.4908738521234052	 0.18729472002207725	 0.002733947398968553
1.1780972450961724	 0.4908738521234052	 0.16408843477166338	 0.0022750664664810457
1.2762720155208536	 0.4908738521234052	 0.14664649545576006	 0.0021466116976720335
1.3744467859455345	 0.4908738521234052	 0.12934929358505712	 0.0018638078041406376
1.4726215563702154	 0.4908738521234052	 0.10980825723091439	 0.0015781434326605959
1.5707963267948966	 0.4908738521234052	 0.1000526329668234	 0.0014688329440258779
1.6689710972195777	 0.4908738521234052	 0.09142419258652804	 0.0013048540609429792
1.7671458676442586	 0.4908738521234052	 0.080937061924514	 0.001128447259721858
1.8653206380689396	 0.4908738521234052	 0.07120511461273997	 0.0010334658197416534
1.9634954084936207	 0.4908738521234052	 0.06520164347954936	 0.0009072260983467328
2.061670178918302	 0.4908738521234052	 0.05884588644927678	 0.0007994245951762529
2.1598449493429825	 0.4908738521234052	 0.05447328799584668	 0.0007695285111259398
2.2580197197676637	 0.4908738521234052	 0.048902383117059765	 0.0007002808174268083
2.356194490192345	 0.4908738521234052	 0.04584402602260225	 0.0006300424565231549
2.454369260617026	 0.4908738521234052	 0.040961475491656296	 0.0005637061169251582
2.552544031041707	 0.4908738521234052	 0.03817645768765572	 0.000529862984225428
2.650718801466388	 0.4908738521234052	 0.03496125623654268	 0.0004919690302275245
2.748893571891069	 0.4908738521234052	 0.03380317223735309	 0.0004471583024743466
2.84706834231575	 0.4908738521234052	 0.031349835669483524	 0.0004353940795088833
2.945243112740431	 0.4908738521234052	 0.02907601523643376	 0.0004144420370282096
3.043417883165112	 0.4908738521234052	 0.027118768464055913	 0.0003818769759564343
3.141592653589793	 0.4908738521234052	 0.02515894987266511	 0.0003550423436332833

-3.141592653589793	 0.5890486225480862	 0.03622084757773784	 0.0005000816287246455
-3.043417883165112	 0.5890486225480862	 0.037956979868677576	 0.0005080891248600747
-2.945243112740431	 0.5890486225480862	 0.04096113164564135	 0.0005834553656350089
-2.84706834231575	 0.5890486225480862	 0.04366466500634182	 0.0006302746253064467
-2.748893571891069	 0.5890486225480862	 0.04654795968821269	 0.0006666569873747395
-2.650718801466388	 0.5890486225480862	 0.04813487632148723	 0.0006691883989139132
-2.552544031041707	 0.5890486225480862	 0.05307387997781273	 0.0007151881441104983
-2.454369260617026	 0.5890486225480862	 0.05925438838339493	 0.0007969080449087583
-2.356194490192345	 0.5890486225480862	 0.06218903323034698	 0.0008712613593016019
-2.2580197197676637	 0.5890486225480862	 0.06769524654149543	 0.0009870063729845238
-2.1598449493429825	 0.5890486225480862	 0.07330405801091344	 0.001039131021679823
-2.061670178918302	 0.5890486225480862	 0.08057306849268339	 0.0010865472376420566
-1.9634954084936207	 0.5890486225480862	 0.08764525026373629	 0.0012003188479316794
-1.8653206380689396	 0.5890486225480862	 0.09687581375366741	 0.0013687758885378072
-1.7671458676442586	 0.5890486225480862	 0.10574303047819611	 0.0014903344221278841
-1.6689710972195777	 0.5890486225480862	 0.11892233274865564	 0.0016605335589956463
-1.5707963267948966	 0.5890486225480862	 0.1314074310491841	 0.0018360338193116107
-1.4726215563702154	 0.5890486225480862	 0.14604481279798948	 0.0019685485375453317
-1.3744467859455345	 0.5890486225480862	 0.1639594405274681	 0.0021683862412426222
-1.2762720155208536	 0.5890486225480862	 0.18244236149242865	 0.002594481451422483
-1.1780972450961724	 0.5890486225480862	 0.2006114671197346	 0.002624202288259854
-1.0799224746714913	 0.5890486225480862	 0.2388892318083855	 0.003420247893861183
-0.9817477042468103	 0.5890486225480862	 0.25386326007687654	 0.003435285990951362
-0.8835729338221293	 0.5890486225480862	 0.28154380916174837	 0.0038265726755152153
-0.7853981633974483	 0.5890486225480862	 0.3073305004540414	 0.004346131079269174
-0.6872233929727672	 0.5890486225480862	 0.3316167237966572	 0.004745650768036624
-0.5890486225480862	 0.5890486225480862	 0.3474518363317261	 0.004820400000854417
-0.4908738521234052	 0.5890486225480862	 0.346468677183972	 0.004787403799838789
-0.39269908169872414	 0.5890486225480862	 0.310707909367996	 0.004419918415734922
-0.2945243112740431	 0.5890486225480862	 0.23418818034250097	 0.0032619070691895383
-0.19634954084936207	 0.5890486225480862	 0.13130052419986926	 0.0018756664285786034
-0.09817477042468103	 0.5890486225480862	 0.03895089477367748	 0.0005398433889825757
0.0	 0.5890486225480862	 0.0002109493846770932	 3.515545554657911e-6
0.09817477042468103	 0.5890486225480862	 0.03895089477367748	 0.0005398433889825757
0.19634954084936207	 0.5890486225480862	 0.13130052419986926	 0.0018756664285786034
0.2945243112740431	 0.5890486225480862	 0.23418818034250097	 0.0032619070691895383
0.39269908169872414	 0.5890486225480862	 0.310707909367996	 0.004419918415734922
0.4908738521234052	 0.5890486225480862	 0.346468677183972	 0.004787403799838789
0.5890486225480862	 0.5890486225480862	 0.3474518363317261	 0.004820400000854417
0.6872233929727672	 0.5890486225480862	 0.3316167237966572	 0.004745650768036624
0.7853981633974483	 0.5890486225480862	 0.3073305004540414	 0.004346131079269174
0.8835729338221293	 0.5890486225480862	 0.28154380916174837	 0.0038265726755152153
0.9817477042468103	 0.5890486225480862	 0.25386326007687654	 0.003435285990951362
1.0799224746714913	 0.5890486225480862	 0.2388892318083855	 0.003420247893861183
1.1780972450961724	 0.5890486225480862	 0.2006114671197346	 0.002624202288259854
1.2762720155208536	 0.5890486225480862	 0.18244236149242865	 0.002594481451422483
1.3744467859455345	 0.5890486225480862	 0.1639594405274681	 0.0021683862412426222
1.4726215563702154	 0.5890486225480862	 0.14604481279798948	 0.0019685485375453317
1.5707963267948966	 0.5890486225480862	 0.1314074310491841	 0.0018360338193116107
1.6689710972195777	 0.5890486225480862	 0.11892233274865564	 0.0016605335589956463
1.7671458676442586	 0.5890486225480862	 0.10574303047819611	 0.0014903344221278841
1.8653206380689396	 0.5890486225480862	 0.09687581375366741	 0.0013687758885378072
1.9634954084936207	 0.5890486225480862	 0.08764525026373629	 0.0012003188479316794
2.061670178918302	 0.5890486225480862	 0.08057306849268339	 0.0010865472376420566
2.1598449493429825	 0.5890486225480862	 0.07330405801091344	 0.001039131021679823
2.2580197197676637	 0.5890486225480862	 0.06769524654149543	 0.0009870063729845238
2.356194490192345	 0.5890486225480862	 0.06218903323034698	 0.0008712613593016019
2.454369260617026	 0.5890486225480862	 0.05925438838339493	 0.0007969080449087583
2.552544031041707	 0.5890486225480862	 0.05307387997781273	 0.0007151881441104983
2.650718801466388	 0.5890486225480862	 0.04813487632148723	 0.0006691883989139132
2.748893571891069	 0.5890486225480862	 0.04654795968821269	 0.0006666569873747395
2.84706834231575	 0.5890486225480862	 0.04366466500634182	 0.0006302746253064467
2.945243112740431	 0.5890486225480862	 0.04096113164564135	 0.0005834553656350089
3.043417883165112	 0.5890486225480862	 0.037956979868677576	 0.0005080891248600747
3.141592653589793	 0.5890486225480862	 0.03622084757773784	 0.0005000816287246455

-3.141592653589793	 0.6872233929727672	 0.04806738654270762	 0.000687933571153681
-3.043417883165112	 0.6872233929727672	 0.05025117578082687	 0.000717703960649307
-2.945243112740431	 0.6872233929727672	 0.0537125320883323	 0.0007618325736347165
-2.84706834231575	 0.6872233929727672	 0.0567325896883918	 0.0007815694468666625
-2.748893571891069	 0.6872233929727672	 0.062167691665746934	 0.0009038073245565732
-2.650718801466388	 0.6872233929727672	 0.06594481501624316	 0.0009208972903071427
-2.552544031041707	 0.6872233929727672	 0.07299997929957489	 0.0010321947222471917
-2.454369260617026	 0.6872233929727672	 0.07382158964443271	 0.001038338481479551
-2.356194490192345	 0.6872233929727672	 0.0839318853969042	 0.0011689652633488296
-2.2580197197676637	 0.6872233929727672	 0.0884791997610272	 0.001320129339772819
-2.1598449493429825	 0.6872233929727672	 0.09511151404869572	 0.001369248194846267
-2.061670178918302	 0.6872233929727672	 0.10563796289783253	 0.0014630048180450965
-1.9634954084936207	 0.6872233929727672	 0.11404059572579146	 0.0016176130684413584
-1.8653206380689396	 0.6872233929727672	 0.12381672337842217	 0.0017585690991810889
-1.7671458676442586	 0.6872233929727672	 0.13772085265514042	 0.001905440616866933
-1.6689710972195777	 0.6872233929727672	 0.14626530416222416	 0.002037274972799869
-1.5707963267948966	 0.6872233929727672	 0.16774474718917676	 0.0023178824833642157
-1.4726215563702154	 0.6872233929727672	 0.18493480314849184	 0.002560585511101803
-1.3744467859455345	 0.6872233929727672	 0.2001966985668403	 0.0027021954759680615
-1.2762720155208536	 0.6872233929727672	 0.22015107229122768	 0.0030375277453010114
-1.1780972450961724	 0.6872233929727672	 0.24256453608364045	 0.0032750345950247925
-1.0799224746714913	 0.6872233929727672	 0.26433604329543636	 0.003913536179195522
-0.9817477042468103	 0.6872233929727672	 0.290412635104097	 0.004259935014431611
-0.8835729338221293	 0.6872233929727672	 0.31570779850847513	 0.004431913286056883
-0.7853981633974483	 0.6872233929727672	 0.3287554935718101	 0.004359878221316597
-0.6872233929727672	 0.6872233929727672	 0.3373198406823596	 0.004714006503894301
-0.5890486225480862	 0.6872233929727672	 0.3325433329433739	 0.004575608310708396
-0.4908738521234052	 0.6872233929727672	 0.3092574658662427	 0.00434476709606516
-0.39269908169872414	 0.6872233929727672	 0.25628057182922476	 0.003641190663554337
-0.2945243112740431	 0.6872233929727672	 0.1868843400889972	 0.002608522724669997
-0.19634954084936207	 0.6872233929727672	 0.10036238317259284	 0.001440702809506178
-0.09817477042468103	 0.6872233929727672	 0.028113854558673386	 0.0004006025876202544
0.0	 0.6872233929727672	 0.00015578205971637476	 2.5325827755787556e-6
0.09817477042468103	 0.6872233929727672	 0.028113854558673386	 0.0004006025876202544
0.19634954084936207	 0.6872233929727672	 0.10036238317259284	 0.001440702809506178
0.2945243112740431	 0.6872233929727672	 0.1868843400889972	 0.002608522724669997
0.39269908169872414	 0.6872233929727672	 0.25628057182922476	 0.003641190663554337
0.4908738521234052	 0.6872233929727672	 0.3092574658662427	 0.00434476709606516
0.5890486225480862	 0.6872233929727672	 0.3325433329433739	 0.004575608310708396
0.6872233929727672	 0.6872233929727672	 0.3373198406823596	 0.004714006503894301
0.7853981633974483	 0.6872233929727672	 0.3287554935718101	 0.004359878221316597
0.8835729338221293	 0.6872233929727672	 0.31570779850847513	 0.004431913286056883
0.9817477042468103	 0.6872233929727672	 0.290412635104097	 0.004259935014431611
1.0799224746714913	 0.6872233929727672	 0.26433604329543636	 0.003913536179195522
1.1780972450961724	 0.6872233929727672	 0.24256453608364045	 0.0032750345950247925
1.2762720155208536	 0.6872233929727672	 0.22015107229122768	 0.0030375277453010114
1.3744467859455345	 0.6872233929727672	 0.2001966985668403	 0.0027021954759680615
1.4726215563702154	 0.6872233929727672	 0.18493480314849184	 0.002560585511101803
1.5707963267948966	 0.6872233929727672	 0.16774474718917676	 0.0023178824833642157
1.6689710972195777	 0.6872233929727672	 0.14626530416222416	 0.002037274972799869
1.7671458676442586	 0.6872233929727672	 0.13772085265514042	 0.001905440616866933
1.8653206380689396	 0.6872233929727672	 0.12381672337842217	 0.0017585690991810889
1.9634954084936207	 0.6872233929727672	 0.11404059572579146	 0.0016176130684413584
2.061670178918302	 0.6872233929727672	 0.10563796289783253	 0.0014630048180450965
2.1598449493429825	 0.6872233929727672	 0.09511151404869572	 0.001369248194846267
2.2580197197676637	 0.6872233929727672	 0.0884791997610272	 0.001320129339772819
2.356194490192345	 0.6872233929727672	 0.0839318853969042	 0.0011689652633488296
2.454369260617026	 0.6872233929727672	 0.07382158964443271	 0.001038338481479551
2.552544031041707	 0.6872233929727672	 0.07299997929957489	 0.0010321947222471917
2.650718801466388	 0.6872233929727672	 0.06594481501624316	 0.0009208972903071427
2.748893571891069	 0.6872233929727672	 0.062167691665746934	 0.0009038073245565732
2.84706834231575	 0.6872233929727672	 0.0567325896883918	 0.0007815694468666625
2.945243112740431	 0.6872233929727672	 0.0537125320883323	 0.0007618325736347165
3.043417883165112	 0.6872233929727672	 0.05025117578082687	 0.000717703960649307
3.141592653589793	 0.6872233929727672	 0.04806738654270762	 0.000687933571153681

-3.141592653589793	 0.7853981633974483	 0.061175871366119905	 0.000803801949903701
-3.043417883165112	 0.7853981633974483	 0.06372545444049281	 0.0008700425551230923
-2.945243112740431	 0.7853981633974483	 0.0689780914845174	 0.0009407120825110107
-2.84706834231575	 0.7853981633974483	 0.07168081304261217	 0.0009973084479977501
-2.748893571891069	 0.7853981633974483	 0.07696270010204158	 0.0010846169611911374
-2.650718801466388	 0.7853981633974483	 0.08220712617393301	 0.0011305578340276962
-2.552544031041707	 0.7853981633974483	 0.08730454561509188	 0.0012049044512762754
-2.454369260617026	 0.7853981633974483	 0.09395271810602995	 0.0012558942792545845
-2.356194490192345	 0.7853981633974483	 0.10128071111352531	 0.0013750411004629438
-2.2580197197676637	 0.7853981633974483	 0.10827032031576929	 0.0015221342397148628
-2.1598449493429825	 0.7853981633974483	 0.11811746271140645	 0.0016411692370927869
-2.061670178918302	 0.7853981633974483	 0.1271391077432817	 0.0016942060348032607
-1.9634954084936207	 0.7853981633974483	 0.1368223924908177	 0.001973894025356003
-1.8653206380689396	 0.7853981633974483	 0.14801605601211465	 0.0020769306537698055
-1.7671458676442586	 0.7853981633974483	 0.1626235986064919	 0.002246504410455986
-1.6689710972195777	 0.7853981633974483	 0.17301979890046215	 0.0024403882336784056
-1.5707963267948966	 0.7853981633974483	 0.19246317761843554	 0.002748662475501049
-1.4726215563702154	 0.7853981633974483	 0.20780350640975864	 0.0028144752123385737
-1.3744467859455345	 0.7853981633974483	 0.22795082186131937	 0.0032066877915473443
-1.2762720155208536	 0.7853981633974483	 0.25125657535688545	 0.0035557467360143842
-1.1780972450961724	 0.7853981633974483	 0.26390508299128795	 0.0038525701670167976
-1.0799224746714913	 0.7853981633974483	 0.2930701086504383	 0.004175797691570266
-0.9817477042468103	 0.7853981633974483	 0.3039456063103005	 0.004227349092782205
-0.8835729338221293	 0.7853981633974483	 0.31934471215286137	 0.004246772407538925
-0.7853981633974483	 0.7853981633974483	 0.3334756205230753	 0.00467222421117048
-0.6872233929727672	 0.7853981633974483	 0.33319613830301376	 0.004642160198487756
-0.5890486225480862	 0.7853981633974483	 0.31461027699925764	 0.004380567183683438
-0.4908738521234052	 0.7853981633974483	 0.2743085145992489	 0.003910754490552185
-0.39269908169872414	 0.7853981633974483	 0.21915542762573859	 0.003061626748616268
-0.2945243112740431	 0.7853981633974483	 0.14850656401809254	 0.002161281342326459
-0.19634954084936207	 0.7853981633974483	 0.07876511129675134	 0.0011158022095515724
-0.09817477042468103	 0.7853981633974483	 0.021724930724092217	 0.0003167602841022972
0.0	 0.7853981633974483	 0.00012124313386969329	 1.9818566290447874e-6
0.09817477042468103	 0.7853981633974483	 0.021724930724092217	 0.0003167602841022972
0.19634954084936207	 0.7853981633974483	 0.07876511129675134	 0.0011158022095515724
0.2945243112740431	 0.7853981633974483	 0.14850656401809254	 0.002161281342326459
0.39269908169872414	 0.7853981633974483	 0.21915542762573859	 0.003061626748616268
0.4908738521234052	 0.7853981633974483	 0.2743085145992489	 0.003910754490552185
0.5890486225480862	 0.7853981633974483	 0.31461027699925764	 0.004380567183683438
0.6872233929727672	 0.7853981633974483	 0.33319613830301376	 0.004642160198487756
0.7853981633974483	 0.7853981633974483	 0.3334756205230753	 0.00467222421117048
0.8835729338221293	 0.7853981633974483	 0.31934471215286137	 0.004246772407538925
0.9817477042468103	 0.7853981633974483	 0.3039456063103005	 0.004227349092782205
1.0799224746714913	 0.7853981633974483	 0.2930701086504383	 0.004175797691570266
1.1780972450961724	 0.7853981633974483	 0.26390508299128795	 0.0038525701670167976
1.2762720155208536	 0.7853981633974483	 0.25125657535688545	 0.0035557467360143842
1.3744467859455345	 0.7853981633974483	 0.22795082186131937	 0.0032066877915473443
1.4726215563702154	 0.7853981633974483	 0.20780350640975864	 0.0028144752123385737
1.5707963267948966	 0.7853981633974483	 0.19246317761843554	 0.002748662475501049
1.6689710972195777	 0.7853981633974483	 0.17301979890046215	 0.0024403882336784056
1.7671458676442586	 0.7853981633974483	 0.1626235986064919	 0.002246504410455986
1.8653206380689396	 0.7853981633974483	 0.14801605601211465	 0.0020769306537698055
1.9634954084936207	 0.7853981633974483	 0.1368223924908177	 0.001973894025356003
2.061670178918302	 0.7853981633974483	 0.1271391077432817	 0.0016942060348032607
2.1598449493429825	 0.7853981633974483	 0.11811746271140645	 0.0016411692370927869
2.2580197197676637	 0.7853981633974483	 0.10827032031576929	 0.0015221342397148628
2.356194490192345	 0.7853981633974483	 0.10128071111352531	 0.0013750411004629438
2.454369260617026	 0.7853981633974483	 0.09395271810602995	 0.0012558942792545845
2.552544031041707	 0.7853981633974483	 0.08730454561509188	 0.0012049044512762754
2.650718801466388	 0.7853981633974483	 0.08220712617393301	 0.0011305578340276962
2.748893571891069	 0.7853981633974483	 0.07696270010204158	 0.0010846169611911374
2.84706834231575	 0.7853981633974483	 0.07168081304261217	 0.0009973084479977501
2.945243112740431	 0.7853981633974483	 0.0689780914845174	 0.0009407120825110107
3.043417883165112	 0.7853981633974483	 0.06372545444049281	 0.0008700425551230923
3.141592653589793	 0.7853981633974483	 0.061175871366119905	 0.000803801949903701

-3.141592653589793	 0.8835729338221293	 0.07481818206299594	 0.0010147830392617052
-3.043417883165112	 0.8835729338221293	 0.07965911189811536	 0.0011209506030936615
-2.945243112740431	 0.8835729338221293	 0.08334830984020437	 0.0011277969195110564
-2.84706834231575	 0.8835729338221293	 0.08745401867650354	 0.0012524663094068851
-2.748893571891069	 0.8835729338221293	 0.09358846174752769	 0.0012901757975981002
-2.650718801466388	 0.8835729338221293	 0.09839351940507063	 0.0013891889560035614
-2.552544031041707	 0.8835729338221293	 0.10586262600372054	 0.0014941705707969886
-2.454369260617026	 0.8835729338221293	 0.1117810482095814	 0.0015303585038596319
-2.356194490192345	 0.8835729338221293	 0.1252992883063763	 0.0017571827224083746
-2.2580197197676637	 0.8835729338221293	 0.12980918156768045	 0.0018141200211527094
-2.1598449493429825	 0.8835729338221293	 0.14001053341467806	 0.002047335777380554
-2.061670178918302	 0.8835729338221293	 0.14976596712690585	 0.0020539775263729333
-1.9634954084936207	 0.8835729338221293	 0.1632130014273276	 0.002407327781274499
-1.8653206380689396	 0.8835729338221293	 0.17936731991197166	 0.0026248599714886254
-1.7671458676442586	 0.8835729338221293	 0.1867569281491231	 0.0027068784732615417
-1.6689710972195777	 0.8835729338221293	 0.20406637145158807	 0.00285551555147953
-1.5707963267948966	 0.8835729338221293	 0.2178942261756523	 0.003128219446202652
-1.4726215563702154	 0.8835729338221293	 0.23696671140764508	 0.0033994773348678263
-1.3744467859455345	 0.8835729338221293	 0.2553274307409904	 0.003634105508706787
-1.2762720155208536	 0.8835729338221293	 0.26954214078446137	 0.0037910852867541404
-1.1780972450961724	 0.8835729338221293	 0.28959724270984727	 0.0038442751712243184
-1.0799224746714913	 0.8835729338221293	 0.3011735240048972	 0.004151186702180333
-0.9817477042468103	 0.8835729338221293	 0.3214023016038462	 0.004318265653627778
-0.8835729338221293	 0.8835729338221293	 0.33009660287664294	 0.004495297543525748
-0.7853981633974483	 0.8835729338221293	 0.3208857752178334	 0.00450065206665946
-0.6872233929727672	 0.8835729338221293	 0.3149768079753429	 0.0044846047481804305
-0.5890486225480862	 0.8835729338221293	 0.28699103957035343	 0.004035930549822893
-0.4908738521234052	 0.8835729338221293	 0.24386270202088678	 0.0034235700653000548
-0.39269908169872414	 0.8835729338221293	 0.18551203279513037	 0.0026456302795916926
-0.2945243112740431	 0.8835729338221293	 0.12424435491739151	 0.0017207605703830871
-0.19634954084936207	 0.8835729338221293	 0.06211789195250218	 0.0009085232900475402
-0.09817477042468103	 0.8835729338221293	 0.017042903742126567	 0.00024269845987685577
0.0	 0.8835729338221293	 9.47068895120272e-5	 1.5702137472678907e-6
0.09817477042468103	 0.8835729338221293	 0.017042903742126567	 0.00024269845987685577
0.19634954084936207	 0.8835729338221293	 0.06211789195250218	 0.0009085232900475402
0.2945243112740431	 0.8835729338221293	 0.12424435491739151	 0.0017207605703830871
0.39269908169872414	 0.8835729338221293	 0.18551203279513037	 0.0026456302795916926
0.4908738521234052	 0.8835729338221293	 0.24386270202088678	 0.0034235700653000548
0.5890486225480862	 0.8835729338221293	 0.28699103957035343	 0.004035930549822893
0.6872233929727672	 0.8835729338221293	 0.3149768079753429	 0.0044846047481804305
0.7853981633974483	 0.8835729338221293	 0.3208857752178334	 0.00450065206665946
0.8835729338221293	 0.8835729338221293	 0.33009660287664294	 0.004495297543525748
0.9817477042468103	 0.8835729338221293	 0.3214023016038462	 0.004318265653627778
1.0799224746714913	 0.8835729338221293	 0.3011735240048972	 0.004151186702180333
1.1780972450961724	 0.8835729338221293	 0.28959724270984727	 0.0038442751712243184
1.2762720155208536	 0.8835729338221293	 0.26954214078446137	 0.0037910852867541404
1.3744467859455345	 0.8835729338221293	 0.2553274307409904	 0.003634105508706787
1.4726215563702154	 0.8835729338221293	 0.23696671140764508	 0.0033994773348678263
1.5707963267948966	 0.8835729338221293	 0.2178942261756523	 0.003128219446202652
1.6689710972195777	 0.8835729338221293	 0.20406637145158807	 0.00285551555147953
1.7671458676442586	 0.8835729338221293	 0.1867569281491231	 0.0027068784732615417
1.8653206380689396	 0.8835729338221293	 0.17936731991197166	 0.0026248599714886254
1.9634954084936207	 0.8835729338221293	 0.1632130014273276	 0.002407327781274499
2.061670178918302	 0.8835729338221293	 0.14976596712690585	 0.0020539775263729333
2.1598449493429825	 0.8835729338221293	 0.14001053341467806	 0.002047335777380554
2.2580197197676637	 0.8835729338221293	 0.12980918156768045	 0.0018141200211527094
2.356194490192345	 0.8835729338221293	 0.1252992883063763	 0.0017571827224083746
2.454369260617026	 0.8835729338221293	 0.1117810482095814	 0.0015303585038596319
2.552544031041707	 0.8835729338221293	 0.10586262600372054	 0.0014941705707969886
2.650718801466388	 0.8835729338221293	 0.09839351940507063	 0.0013891889560035614
2.748893571891069	 0.8835729338221293	 0.09358846174752769	 0.0012901757975981002
2.84706834231575	 0.8835729338221293	 0.08745401867650354	 0.0012524663094068851
2.945243112740431	 0.8835729338221293	 0.08334830984020437	 0.0011277969195110564
3.043417883165112	 0.8835729338221293	 0.07965911189811536	 0.0011209506030936615
3.141592653589793	 0.8835729338221293	 0.07481818206299594	 0.0010147830392617052

-3.141592653589793	 0.9817477042468103	 0.08806323152404812	 0.0012694336641069972
-3.043417883165112	 0.9817477042468103	 0.09690506202402253	 0.0013896660478357624
-2.945243112740431	 0.9817477042468103	 0.09880933948931538	 0.0013862577062632012
-2.84706834231575	 0.9817477042468103	 0.103942765232325	 0.0014511574363007594
-2.748893571891069	 0.9817477042468103	 0.11083591130390504	 0.0015420578348070606
-2.650718801466388	 0.9817477042468103	 0.11688859798063753	 0.0015802357380765946
-2.552544031041707	 0.9817477042468103	 0.12271473810440592	 0.001713287157777868
-2.454369260617026	 0.9817477042468103	 0.13398297167870768	 0.001880434859228448
-2.356194490192345	 0.9817477042468103	 0.1405500104954747	 0.0019522089840178366
-2.2580197197676637	 0.9817477042468103	 0.1496190408558321	 0.002125717467959494
-2.1598449493429825	 0.9817477042468103	 0.16175726932465873	 0.002271871950620297
-2.061670178918302	 0.9817477042468103	 0.173197566639239	 0.0024625901882663064
-1.9634954084936207	 0.9817477042468103	 0.1840616229531139	 0.0026172948804747682
-1.8653206380689396	 0.9817477042468103	 0.19897630132726618	 0.0028822385578516282
-1.7671458676442586	 0.9817477042468103	 0.209205710557248	 0.002908746329853393
-1.6689710972195777	 0.9817477042468103	 0.22737515830723745	 0.0031449218750609917
-1.5707963267948966	 0.9817477042468103	 0.24257906308530056	 0.003392139979617949
-1.4726215563702154	 0.9817477042468103	 0.25743927162579205	 0.0036631487236185806
-1.3744467859455345	 0.9817477042468103	 0.2732757089579235	 0.0036905329155505545
-1.2762720155208536	 0.9817477042468103	 0.28525461547984	 0.00407879239905297
-1.1780972450961724	 0.9817477042468103	 0.30186750034629123	 0.004415792854270597
-1.0799224746714913	 0.9817477042468103	 0.30898120378816135	 0.004253446016427998
-0.9817477042468103	 0.9817477042468103	 0.3231332445502868	 0.004655066680155251
-0.8835729338221293	 0.9817477042468103	 0.3148016400902102	 0.0044695237408302994
-0.7853981633974483	 0.9817477042468103	 0.3055567011441935	 0.004366169835947786
-0.6872233929727672	 0.9817477042468103	 0.29533450123471733	 0.0040840627155150876
-0.5890486225480862	 0.9817477042468103	 0.26445988919526847	 0.003720672606041084
-0.4908738521234052	 0.9817477042468103	 0.2099990482237868	 0.0029335264863786454
-0.39269908169872414	 0.9817477042468103	 0.158506501323149	 0.0022163933442653975
-0.2945243112740431	 0.9817477042468103	 0.10329561467297592	 0.0014292043616608613
-0.19634954084936207	 0.9817477042468103	 0.04991909835681766	 0.0006991141839825378
-0.09817477042468103	 0.9817477042468103	 0.013339894865888427	 0.00017840786803418723
0.0	 0.9817477042468103	 7.794309947733381e-5	 1.3176114549506968e-6
0.09817477042468103	 0.9817477042468103	 0.013339894865888427	 0.00017840786803418723
0.19634954084936207	 0.9817477042468103	 0.04991909835681766	 0.0006991141839825378
0.2945243112740431	 0.9817477042468103	 0.10329561467297592	 0.0014292043616608613
0.39269908169872414	 0.9817477042468103	 0.158506501323149	 0.0022163933442653975
0.4908738521234052	 0.9817477042468103	 0.2099990482237868	 0.0029335264863786454
0.5890486225480862	 0.9817477042468103	 0.26445988919526847	 0.003720672606041084
0.6872233929727672	 0.9817477042468103	 0.29533450123471733	 0.0040840627155150876
0.7853981633974483	 0.9817477042468103	 0.3055567011441935	 0.004366169835947786
0.8835729338221293	 0.9817477042468103	 0.3148016400902102	 0.0044695237408302994
0.9817477042468103	 0.9817477042468103	 0.3231332445502868	 0.004655066680155251
1.0799224746714913	 0.9817477042468103	 0.30898120378816135	 0.004253446016427998
1.1780972450961724	 0.9817477042468103	 0.30186750034629123	 0.004415792854270597
1.2762720155208536	 0.9817477042468103	 0.28525461547984	 0.00407879239905297
1.3744467859455345	 0.9817477042468103	 0.2732757089579235	 0.0036905329155505545
1.4726215563702154	 0.9817477042468103	 0.25743927162579205	 0.0036631487236185806
1.5707963267948966	 0.9817477042468103	 0.24257906308530056	 0.003392139979617949
1.6689710972195777	 0.9817477042468103	 0.22737515830723745	 0.0031449218750609917
1.7671458676442586	 0.9817477042468103	 0.209205710557248	 0.002908746329853393
1.8653206380689396	 0.9817477042468103	 0.19897630132726618	 0.0028822385578516282
1.9634954084936207	 0.9817477042468103	 0.1840616229531139	 0.0026172948804747682
2.061670178918302	 0.9817477042468103	 0.173197566639239	 0.0024625901882663064
2.1598449493429825	 0.9817477042468103	 0.16175726932465873	 0.002271871950620297
2.2580197197676637	 0.9817477042468103	 0.1496190408558321	 0.002125717467959494
2.356194490192345	 0.9817477042468103	 0.1405500104954747	 0.0019522089840178366
2.454369260617026	 0.9817477042468103	 0.13398297167870768	 0.001880434859228448
2.552544031041707	 0.9817477042468103	 0.12271473810440592	 0.001713287157777868
2.650718801466388	 0.9817477042468103	 0.11688859798063753	 0.0015802357380765946
2.748893571891069	 0.9817477042468103	 0.11083591130390504	 0.0015420578348070606
2.84706834231575	 0.9817477042468103	 0.103942765232325	 0.0014511574363007594
2.945243112740431	 0.9817477042468103	 0.09880933948931538	 0.0013862577062632012
3.043417883165112	 0.9817477042468103	 0.09690506202402253	 0.0013896660478357624
3.141592653589793	 0.9817477042468103	 0.08806323152404812	 0.0012694336641069972

-3.141592653589793	 1.0799224746714913	 0.1009023037623449	 0.001385276514727679
-3.043417883165112	 1.0799224746714913	 0.10667784747345489	 0.0014613490453330895
-2.945243112740431	 1.0799224746714913	 0.11485917454037983	 0.0015958555474418473
-2.84706834231575	 1.0799224746714913	 0.12204842916219849	 0.0016693572388528756
-2.748893571891069	 1.0799224746714913	 0.1259894315674786	 0.0017350927526109128
-2.650718801466388	 1.0799224746714913	 0.13253658281330963	 0.0019208984035187816
-2.552544031041707	 1.0799224746714913	 0.14237547086552432	 0.0019406786360201729
-2.454369260617026	 1.0799224746714913	 0.14985391813297239	 0.002172831837821915
-2.356194490192345	 1.0799224746714913	 0.15826917925523093	 0.0021946022088158664
-2.2580197197676637	 1.0799224746714913	 0.1677598169576019	 0.0024000720463042825
-2.1598449493429825	 1.0799224746714913	 0.1808549273559951	 0.00258471102465527
-2.061670178918302	 1.0799224746714913	 0.19141318042545163	 0.0025900580192586443
-1.9634954084936207	 1.0799224746714913	 0.2040383118915333	 0.0027344330752525226
-1.8653206380689396	 1.0799224746714913	 0.22003275812367304	 0.0030761371725217357
-1.7671458676442586	 1.0799224746714913	 0.23219503665869837	 0.0031186916492178247
-1.6689710972195777	 1.0799224746714913	 0.24494734460867018	 0.0036258665232077733
-1.5707963267948966	 1.0799224746714913	 0.2562430130131891	 0.003551045573353485
-1.4726215563702154	 1.0799224746714913	 0.2827503783452785	 0.0038655470475720283
-1.3744467859455345	 1.0799224746714913	 0.2867273151569766	 0.003828207013292346
-1.2762720155208536	 1.0799224746714913	 0.2984048099599299	 0.004243458675149222
-1.1780972450961724	 1.0799224746714913	 0.3065017282166351	 0.004175251790169234
-1.0799224746714913	 1.0799224746714913	 0.30720144039623626	 0.004349141416086431
-0.9817477042468103	 1.0799224746714913	 0.3148695117965352	 0.004309007708345008
-0.8835729338221293	 1.0799224746714913	 0.2985656273266175	 0.0041309484664877535
-0.7853981633974483	 1.0799224746714913	 0.28521770854831124	 0.004009141426338714
-0.6872233929727672	 1.0799224746714913	 0.2609296091049458	 0.0036193130760976923
-0.5890486225480862	 1.0799224746714913	 0.2363396924193366	 0.003340816809329319
-0.4908738521234052	 1.0799224746714913	 0.1830634236286377	 0.002495991782611261
-0.39269908169872414	 1.0799224746714913	 0.136516383272906	 0.0019323818476993345
-0.2945243112740431	 1.0799224746714913	 0.08500789617620179	 0.0012140404767721706
-0.19634954084936207	 1.0799224746714913	 0.04081820393383968	 0.000569764373887513
-0.09817477042468103	 1.0799224746714913	 0.010990434768058586	 0.00014806517334346853
0.0	 1.0799224746714913	 6.337915929833584e-5	 1.0606452101281427e-6
0.09817477042468103	 1.0799224746714913	 0.010990434768058586	 0.00014806517334346853
0.19634954084936207	 1.0799224746714913	 0.04081820393383968	 0.000569764373887513
0.2945243112740431	 1.0799224746714913	 0.08500789617620179	 0.0012140404767721706
0.39269908169872414	 1.0799224746714913	 0.136516383272906	 0.0019323818476993345
0.4908738521234052	 1.0799224746714913	 0.1830634236286377	 0.002495991782611261
0.5890486225480862	 1.0799224746714913	 0.2363396924193366	 0.003340816809329319
0.6872233929727672	 1.0799224746714913	 0.2609296091049458	 0.0036193130760976923
0.7853981633974483	 1.0799224746714913	 0.28521770854831124	 0.004009141426338714
0.8835729338221293	 1.0799224746714913	 0.2985656273266175	 0.0041309484664877535
0.9817477042468103	 1.0799224746714913	 0.3148695117965352	 0.004309007708345008
1.0799224746714913	 1.0799224746714913	 0.30720144039623626	 0.004349141416086431
1.1780972450961724	 1.0799224746714913	 0.3065017282166351	 0.004175251790169234
1.2762720155208536	 1.0799224746714913	 0.2984048099599299	 0.004243458675149222
1.3744467859455345	 1.0799224746714913	 0.2867273151569766	 0.003828207013292346
1.4726215563702154	 1.0799224746714913	 0.2827503783452785	 0.0038655470475720283
1.5707963267948966	 1.0799224746714913	 0.2562430130131891	 0.003551045573353485
1.6689710972195777	 1.0799224746714913	 0.24494734460867018	 0.0036258665232077733
1.7671458676442586	 1.0799224746714913	 0.23219503665869837	 0.0031186916492178247
1.8653206380689396	 1.0799224746714913	 0.22003275812367304	 0.0030761371725217357
1.9634954084936207	 1.0799224746714913	 0.2040383118915333	 0.0027344330752525226
2.061670178918302	 1.0799224746714913	 0.19141318042545163	 0.0025900580192586443
2.1598449493429825	 1.0799224746714913	 0.1808549273559951	 0.00258471102465527
2.2580197197676637	 1.0799224746714913	 0.1677598169576019	 0.0024000720463042825
2.356194490192345	 1.0799224746714913	 0.15826917925523093	 0.0021946022088158664
2.454369260617026	 1.0799224746714913	 0.14985391813297239	 0.002172831837821915
2.552544031041707	 1.0799224746714913	 0.14237547086552432	 0.0019406786360201729
2.650718801466388	 1.0799224746714913	 0.13253658281330963	 0.0019208984035187816
2.748893571891069	 1.0799224746714913	 0.1259894315674786	 0.0017350927526109128
2.84706834231575	 1.0799224746714913	 0.12204842916219849	 0.0016693572388528756
2.945243112740431	 1.0799224746714913	 0.11485917454037983	 0.0015958555474418473
3.043417883165112	 1.0799224746714913	 0.10667784747345489	 0.0014613490453330895
3.141592653589793	 1.0799224746714913	 0.1009023037623449	 0.001385276514727679

-3.141592653589793	 1.1780972450961724	 0.11678867350977472	 0.0016525878406166376
-3.043417883165112	 1.1780972450961724	 0.12458179662909649	 0.001748342559462682
-2.945243112740431	 1.1780972450961724	 0.13021143011262698	 0.0018042955804187968
-2.84706834231575	 1.1780972450961724	 0.13645743880586636	 0.0019479872305573145
-2.748893571891069	 1.1780972450961724	 0.14308158784673758	 0.0020433970671136876
-2.650718801466388	 1.1780972450961724	 0.14929923364591935	 0.0021683569683553176
-2.552544031041707	 1.1780972450961724	 0.15728750868076707	 0.0021664291310711467
-2.454369260617026	 1.1780972450961724	 0.1678387269119759	 0.002398126007002763
-2.356194490192345	 1.1780972450961724	 0.18268743974938276	 0.00269818948901316
-2.2580197197676637	 1.1780972450961724	 0.18662166463871876	 0.0026220003182288827
-2.1598449493429825	 1.1780972450961724	 0.19681901203905522	 0.0026285336614570655
-2.061670178918302	 1.1780972450961724	 0.21210944284437364	 0.0028581043638610717
-1.9634954084936207	 1.1780972450961724	 0.2210374176982792	 0.0029847597051856516
-1.8653206380689396	 1.1780972450961724	 0.23228620307284492	 0.0031810883494734956
-1.7671458676442586	 1.1780972450961724	 0.24073187451699793	 0.0032709633302772626
-1.6689710972195777	 1.1780972450961724	 0.25310663835579006	 0.003488445901536104
-1.5707963267948966	 1.1780972450961724	 0.2701667841003802	 0.003708357840108833
-1.4726215563702154	 1.1780972450961724	 0.28189432034660744	 0.0038221026653547444
-1.3744467859455345	 1.1780972450961724	 0.29258001755462953	 0.0040435851617452775
-1.2762720155208536	 1.1780972450961724	 0.2967232345177945	 0.0042602538544496416
-1.1780972450961724	 1.1780972450961724	 0.3101133049181881	 0.004159686689095238
-1.0799224746714913	 1.1780972450961724	 0.30460808333273304	 0.004360791380417209
-0.9817477042468103	 1.1780972450961724	 0.30316956207945156	 0.004264040430195815
-0.8835729338221293	 1.1780972450961724	 0.2919103039601347	 0.004032851472330401
-0.7853981633974483	 1.1780972450961724	 0.26811853343828956	 0.0037004642286929674
-0.6872233929727672	 1.1780972450961724	 0.24256063609257708	 0.0033876192618679615
-0.5890486225480862	 1.1780972450961724	 0.20721565678045026	 0.0028586950878501565
-0.4908738521234052	 1.1780972450961724	 0.16539252351992018	 0.0023032884176053293
-0.39269908169872414	 1.1780972450961724	 0.11824961493548973	 0.0017101699880614726
-0.2945243112740431	 1.1780972450961724	 0.07293125267219484	 0.0010768197591263095
-0.19634954084936207	 1.1780972450961724	 0.034836908326880196	 0.00047074283317318286
-0.09817477042468103	 1.1780972450961724	 0.008793339772732637	 0.00011826343963158042
0.0	 1.1780972450961724	 5.42113566050614e-5	 9.534482076878658e-7
0.09817477042468103	 1.1780972450961724	 0.008793339772732637	 0.00011826343963158042
0.19634954084936207	 1.1780972450961724	 0.034836908326880196	 0.00047074283317318286
0.2945243112740431	 1.1780972450961724	 0.07293125267219484	 0.0010768197591263095
0.39269908169872414	 1.1780972450961724	 0.11824961493548973	 0.0017101699880614726
0.4908738521234052	 1.1780972450961724	 0.16539252351992018	 0.0023032884176053293
0.5890486225480862	 1.1780972450961724	 0.20721565678045026	 0.0028586950878501565
0.6872233929727672	 1.1780972450961724	 0.24256063609257708	 0.0033876192618679615
0.7853981633974483	 1.1780972450961724	 0.26811853343828956	 0.0037004642286929674
0.8835729338221293	 1.1780972450961724	 0.2919103039601347	 0.004032851472330401
0.9817477042468103	 1.1780972450961724	 0.30316956207945156	 0.004264040430195815
1.0799224746714913	 1.1780972450961724	 0.30460808333273304	 0.004360791380417209
1.1780972450961724	 1.1780972450961724	 0.3101133049181881	 0.004159686689095238
1.2762720155208536	 1.1780972450961724	 0.2967232345177945	 0.0042602538544496416
1.3744467859455345	 1.1780972450961724	 0.29258001755462953	 0.0040435851617452775
1.4726215563702154	 1.1780972450961724	 0.28189432034660744	 0.0038221026653547444
1.5707963267948966	 1.1780972450961724	 0.2701667841003802	 0.003708357840108833
1.6689710972195777	 1.1780972450961724	 0.25310663835579006	 0.003488445901536104
1.7671458676442586	 1.1780972450961724	 0.24073187451699793	 0.0032709633302772626
1.8653206380689396	 1.1780972450961724	 0.23228620307284492	 0.0031810883494734956
1.9634954084936207	 1.1780972450961724	 0.2210374176982792	 0.0029847597051856516
2.061670178918302	 1.1780972450961724	 0.21210944284437364	 0.0028581043638610717
2.1598449493429825	 1.1780972450961724	 0.19681901203905522	 0.0026285336614570655
2.2580197197676637	 1.1780972450961724	 0.18662166463871876	 0.0026220003182288827
2.356194490192345	 1.1780972450961724	 0.18268743974938276	 0.00269818948901316
2.454369260617026	 1.1780972450961724	 0.1678387269119759	 0.002398126007002763
2.552544031041707	 1.1780972450961724	 0.15728750868076707	 0.0021664291310711467
2.650718801466388	 1.1780972450961724	 0.14929923364591935	 0.0021683569683553176
2.748893571891069	 1.1780972450961724	 0.14308158784673758	 0.0020433970671136876
2.84706834231575	 1.1780972450961724	 0.13645743880586636	 0.0019479872305573145
2.945243112740431	 1.1780972450961724	 0.13021143011262698	 0.0018042955804187968
3.043417883165112	 1.1780972450961724	 0.12458179662909649	 0.001748342559462682
3.141592653589793	 1.1780972450961724	 0.11678867350977472	 0.0016525878406166376

-3.141592653589793	 1.2762720155208536	 0.13353704456045282	 0.0018904992851399862
-3.043417883165112	 1.2762720155208536	 0.14297600921720202	 0.002011693661648034
-2.945243112740431	 1.2762720155208536	 0.14787843442655177	 0.0020527003817657416
-2.84706834231575	 1.2762720155208536	 0.1528682859399429	 0.002122881260797978
-2.748893571891069	 1.2762720155208536	 0.16033647978592916	 0.0022569498852279073
-2.650718801466388	 1.2762720155208536	 0.16851216023813956	 0.0023410333487006727
-2.552544031041707	 1.2762720155208536	 0.17652077812417644	 0.0023508961439515997
-2.454369260617026	 1.2762720155208536	 0.18875190531533745	 0.002683026588766881
-2.356194490192345	 1.2762720155208536	 0.198406268909549	 0.002744357392097639
-2.2580197197676637	 1.2762720155208536	 0.20853930483987884	 0.0029993458663338753
-2.1598449493429825	 1.2762720155208536	 0.21462512243236184	 0.0030660077698145285
-2.061670178918302	 1.2762720155208536	 0.22507794659632063	 0.0031740779429174776
-1.9634954084936207	 1.2762720155208536	 0.23767263252659687	 0.0034334298692282024
-1.8653206380689396	 1.2762720155208536	 0.2512339595807357	 0.003564632920402903
-1.7671458676442586	 1.2762720155208536	 0.2620198758045641	 0.0035627516931970643
-1.6689710972195777	 1.2762720155208536	 0.27071636109943176	 0.003803536472216956
-1.5707963267948966	 1.2762720155208536	 0.282208808851993	 0.004127370731497749
-1.4726215563702154	 1.2762720155208536	 0.2889041654709398	 0.004033497071418656
-1.3744467859455345	 1.2762720155208536	 0.29470627444808223	 0.004210615152216392
-1.2762720155208536	 1.2762720155208536	 0.29424721255490444	 0.004166460537073659
-1.1780972450961724	 1.2762720155208536	 0.2984795496890505	 0.0040914059959668795
-1.0799224746714913	 1.2762720155208536	 0.2959544963198878	 0.004349203055717766
-0.9817477042468103	 1.2762720155208536	 0.2922141181914821	 0.004216292990476505
-0.8835729338221293	 1.2762720155208536	 0.2708393771924794	 0.0037347377582773165
-0.7853981633974483	 1.2762720155208536	 0.2453367542615313	 0.003441391855025695
-0.6872233929727672	 1.2762720155208536	 0.21847138587116252	 0.002950828227431924
-0.5890486225480862	 1.2762720155208536	 0.18293036438966714	 0.002500811788858169
-0.4908738521234052	 1.2762720155208536	 0.1420898861102099	 0.002018886866506178
-0.39269908169872414	 1.2762720155208536	 0.1031487943751223	 0.0014375299686557783
-0.2945243112740431	 1.2762720155208536	 0.06275833968429342	 0.0008648609403213712
-0.19634954084936207	 1.2762720155208536	 0.029569956365365954	 0.0003977136566732516
-0.09817477042468103	 1.2762720155208536	 0.007697123913243895	 0.00010851297849308672
0.0	 1.2762720155208536	 4.6602300397666145e-5	 7.846652628881835e-7
0.09817477042468103	 1.2762720155208536	 0.007697123913243895	 0.00010851297849308672
0.19634954084936207	 1.2762720155208536	 0.029569956365365954	 0.0003977136566732516
0.2945243112740431	 1.2762720155208536	 0.06275833968429342	 0.0008648609403213712
0.39269908169872414	 1.2762720155208536	 0.1031487943751223	 0.0014375299686557783
0.4908738521234052	 1.2762720155208536	 0.1420898861102099	 0.002018886866506178
0.5890486225480862	 1.2762720155208536	 0.18293036438966714	 0.002500811788858169
0.6872233929727672	 1.2762720155208536	 0.21847138587116252	 0.002950828227431924
0.7853981633974483	 1.2762720155208536	 0.2453367542615313	 0.003441391855025695
0.8835729338221293	 1.2762720155208536	 0.2708393771924794	 0.0037347377582773165
0.9817477042468103	 1.2762720155208536	 0.2922141181914821	 0.004216292990476505
1.0799224746714913	 1.2762720155208536	 0.2959544963198878	 0.004349203055717766
1.1780972450961724	 1.2762720155208536	 0.2984795496890505	 0.0040914059959668795
1.2762720155208536	 1.2762720155208536	 0.29424721255490444	 0.004166460537073659
1.3744467859455345	 1.2762720155208536	 0.29470627444808223	 0.004210615152216392
1.4726215563702154	 1.2762720155208536	 0.2889041654709398	 0.004033497071418656
1.5707963267948966	 1.2762720155208536	 0.282208808851993	 0.004127370731497749
1.6689710972195777	 1.2762720155208536	 0.27071636109943176	 0.003803536472216956
1.7671458676442586	 1.2762720155208536	 0.2620198758045641	 0.0035627516931970643
1.8653206380689396	 1.2762720155208536	 0.2512339595807357	 0.003564632920402903
1.9634954084936207	 1.2762720155208536	 0.23767263252659687	 0.0034334298692282024
2.061670178918302	 1.2762720155208536	 0.22507794659632063	 0.0031740779429174776
2.1598449493429825	 1.2762720155208536	 0.21462512243236184	 0.0030660077698145285
2.2580197197676637	 1.2762720155208536	 0.20853930483987884	 0.0029993458663338753
2.356194490192345	 1.2762720155208536	 0.198406268909549	 0.002744357392097639
2.454369260617026	 1.2762720155208536	 0.18875190531533745	 0.002683026588766881
2.552544031041707	 1.2762720155208536	 0.17652077812417644	 0.0023508961439515997
2.650718801466388	 1.2762720155208536	 0.16851216023813956	 0.0023410333487006727
2.748893571891069	 1.2762720155208536	 0.16033647978592916	 0.0022569498852279073
2.84706834231575	 1.2762720155208536	 0.1528682859399429	 0.002122881260797978
2.945243112740431	 1.2762720155208536	 0.14787843442655177	 0.0020527003817657416
3.043417883165112	 1.2762720155208536	 0.14297600921720202	 0.002011693661648034
3.141592653589793	 1.2762720155208536	 0.13353704456045282	 0.0018904992851399862

-3.141592653589793	 1.3744467859455345	 0.14432693199798333	 0.00200054041651782
-3.043417883165112	 1.3744467859455345	 0.15623374318074482	 0.002296601022165507
-2.945243112740431	 1.3744467859455345	 0.160402927607156	 0.0021765677269008662
-2.84706834231575	 1.3744467859455345	 0.17048587791172387	 0.0024596126791488334
-2.748893571891069	 1.3744467859455345	 0.17251333631058927	 0.0024335827462983167
-2.650718801466388	 1.3744467859455345	 0.1771155672415879	 0.0024452273909388008
-2.552544031041707	 1.3744467859455345	 0.1950838155957639	 0.002713404604901203
-2.454369260617026	 1.3744467859455345	 0.19667212338867565	 0.0028452706396574485
-2.356194490192345	 1.3744467859455345	 0.2099996591112052	 0.0028748339719453404
-2.2580197197676637	 1.3744467859455345	 0.2160589795290868	 0.0030645834955055538
-2.1598449493429825	 1.3744467859455345	 0.22959353424699797	 0.003281607148251104
-2.061670178918302	 1.3744467859455345	 0.24557142223395687	 0.00351320632871875
-1.9634954084936207	 1.3744467859455345	 0.24760532699417637	 0.003370581023315043
-1.8653206380689396	 1.3744467859455345	 0.2586018871211839	 0.0035916723435355045
-1.7671458676442586	 1.3744467859455345	 0.2678424703708343	 0.003679060057257775
-1.6689710972195777	 1.3744467859455345	 0.27408613319316794	 0.0038639348829310033
-1.5707963267948966	 1.3744467859455345	 0.28574644581495773	 0.003754560699947244
-1.4726215563702154	 1.3744467859455345	 0.28660318918373434	 0.004033946100552394
-1.3744467859455345	 1.3744467859455345	 0.29391690453379327	 0.004193781839554678
-1.2762720155208536	 1.3744467859455345	 0.29747615749121364	 0.004287602278381069
-1.1780972450961724	 1.3744467859455345	 0.29557832060439715	 0.004176658714658738
-1.0799224746714913	 1.3744467859455345	 0.29014929192680017	 0.003948865004053308
-0.9817477042468103	 1.3744467859455345	 0.2665551948633265	 0.0036352511112632464
-0.8835729338221293	 1.3744467859455345	 0.25674160604618	 0.003642792441493196
-0.7853981633974483	 1.3744467859455345	 0.23828523453280356	 0.0033077416162128584
-0.6872233929727672	 1.3744467859455345	 0.19562422166237478	 0.0026691543077843644
-0.5890486225480862	 1.3744467859455345	 0.16468350021988176	 0.002374263734443836
-0.4908738521234052	 1.3744467859455345	 0.1257673127519689	 0.001831938820401775
-0.39269908169872414	 1.3744467859455345	 0.08798777437934363	 0.0012550717336845547
-0.2945243112740431	 1.3744467859455345	 0.05249129437385666	 0.000707479247796905
-0.19634954084936207	 1.3744467859455345	 0.02480518202905677	 0.0003508200596481803
-0.09817477042468103	 1.3744467859455345	 0.0064588997522159	 8.969320714896811e-5
0.0	 1.3744467859455345	 3.9929715509507054e-5	 6.30340580216132e-7
0.09817477042468103	 1.3744467859455345	 0.0064588997522159	 8.969320714896811e-5
0.19634954084936207	 1.3744467859455345	 0.02480518202905677	 0.0003508200596481803
0.2945243112740431	 1.3744467859455345	 0.05249129437385666	 0.000707479247796905
0.39269908169872414	 1.3744467859455345	 0.08798777437934363	 0.0012550717336845547
0.4908738521234052	 1.3744467859455345	 0.1257673127519689	 0.001831938820401775
0.5890486225480862	 1.3744467859455345	 0.16468350021988176	 0.002374263734443836
0.6872233929727672	 1.3744467859455345	 0.19562422166237478	 0.0026691543077843644
0.7853981633974483	 1.3744467859455345	 0.23828523453280356	 0.0033077416162128584
0.8835729338221293	 1.3744467859455345	 0.25674160604618	 0.003642792441493196
0.9817477042468103	 1.3744467859455345	 0.2665551948633265	 0.0036352511112632464
1.0799224746714913	 1.3744467859455345	 0.29014929192680017	 0.003948865004053308
1.1780972450961724	 1.3744467859455345	 0.29557832060439715	 0.004176658714658738
1.2762720155208536	 1.3744467859455345	 0.29747615749121364	 0.004287602278381069
1.3744467859455345	 1.3744467859455345	 0.29391690453379327	 0.004193781839554678
1.4726215563702154	 1.3744467859455345	 0.28660318918373434	 0.004033946100552394
1.5707963267948966	 1.3744467859455345	 0.28574644581495773	 0.003754560699947244
1.6689710972195777	 1.3744467859455345	 0.27408613319316794	 0.0038639348829310033
1.7671458676442586	 1.3744467859455345	 0.2678424703708343	 0.003679060057257775
1.8653206380689396	 1.3744467859455345	 0.2586018871211839	 0.0035916723435355045
1.9634954084936207	 1.3744467859455345	 0.24760532699417637	 0.003370581023315043
2.061670178918302	 1.3744467859455345	 0.24557142223395687	 0.00351320632871875
2.1598449493429825	 1.3744467859455345	 0.22959353424699797	 0.003281607148251104
2.2580197197676637	 1.3744467859455345	 0.2160589795290868	 0.0030645834955055538
2.356194490192345	 1.3744467859455345	 0.2099996591112052	 0.0028748339719453404
2.454369260617026	 1.3744467859455345	 0.19667212338867565	 0.0028452706396574485
2.552544031041707	 1.3744467859455345	 0.1950838155957639	 0.002713404604901203
2.650718801466388	 1.3744467859455345	 0.1771155672415879	 0.0024452273909388008
2.748893571891069	 1.3744467859455345	 0.17251333631058927	 0.0024335827462983167
2.84706834231575	 1.3744467859455345	 0.17048587791172387	 0.0024596126791488334
2.945243112740431	 1.3744467859455345	 0.160402927607156	 0.0021765677269008662
3.043417883165112	 1.3744467859455345	 0.15623374318074482	 0.002296601022165507
3.141592653589793	 1.3744467859455345	 0.14432693199798333	 0.00200054041651782

-3.141592653589793	 1.4726215563702154	 0.16123052131301868	 0.0022045804766776217
-3.043417883165112	 1.4726215563702154	 0.16774236600062115	 0.0023511912558020704
-2.945243112740431	 1.4726215563702154	 0.17511062733200014	 0.0024543520836209478
-2.84706834231575	 1.4726215563702154	 0.17853945542830624	 0.002414573298590176
-2.748893571891069	 1.4726215563702154	 0.18818959431740662	 0.002739748072923351
-2.650718801466388	 1.4726215563702154	 0.1960595383629341	 0.0026437740340858875
-2.552544031041707	 1.4726215563702154	 0.2098353857454071	 0.0029096652819863705
-2.454369260617026	 1.4726215563702154	 0.2160657011270144	 0.002943162512859853
-2.356194490192345	 1.4726215563702154	 0.22281581496281522	 0.00313606750702693
-2.2580197197676637	 1.4726215563702154	 0.23168608201206267	 0.0032796470064560784
-2.1598449493429825	 1.4726215563702154	 0.240151524933971	 0.003372826594882992
-2.061670178918302	 1.4726215563702154	 0.2491467775130432	 0.0036335888515118234
-1.9634954084936207	 1.4726215563702154	 0.2596579953760816	 0.003572790157389082
-1.8653206380689396	 1.4726215563702154	 0.26857326115876734	 0.0038554342029865716
-1.7671458676442586	 1.4726215563702154	 0.2738077932303771	 0.003863217556538291
-1.6689710972195777	 1.4726215563702154	 0.2828254980542947	 0.003966501628437089
-1.5707963267948966	 1.4726215563702154	 0.2855259363245982	 0.0038700634921065256
-1.4726215563702154	 1.4726215563702154	 0.29129951711578833	 0.003934241170693549
-1.3744467859455345	 1.4726215563702154	 0.2813423151802969	 0.003978549962611718
-1.2762720155208536	 1.4726215563702154	 0.2822393775723462	 0.003977875454976661
-1.1780972450961724	 1.4726215563702154	 0.28436939999281874	 0.004023846075984123
-1.0799224746714913	 1.4726215563702154	 0.2686575169336381	 0.003654244119074777
-0.9817477042468103	 1.4726215563702154	 0.2507832870012641	 0.003481315469397914
-0.8835729338221293	 1.4726215563702154	 0.23084396143360966	 0.003119454196026956
-0.7853981633974483	 1.4726215563702154	 0.20848938698968003	 0.0028091009801053807
-0.6872233929727672	 1.4726215563702154	 0.18156494814449328	 0.002477557860041137
-0.5890486225480862	 1.4726215563702154	 0.14528229299749756	 0.0019403995161473907
-0.4908738521234052	 1.4726215563702154	 0.11091512530841066	 0.0015112495720951006
-0.39269908169872414	 1.4726215563702154	 0.07517535718521454	 0.0010192350822376074
-0.2945243112740431	 1.4726215563702154	 0.046113102921405934	 0.0006260878276679228
-0.19634954084936207	 1.4726215563702154	 0.02140166148008202	 0.0003094454348247788
-0.09817477042468103	 1.4726215563702154	 0.0055874426924598306	 7.795834474233955e-5
0.0	 1.4726215563702154	 3.446830514929028e-5	 5.925887357998824e-7
0.09817477042468103	 1.4726215563702154	 0.0055874426924598306	 7.795834474233955e-5
0.19634954084936207	 1.4726215563702154	 0.02140166148008202	 0.0003094454348247788
0.2945243112740431	 1.4726215563702154	 0.046113102921405934	 0.0006260878276679228
0.39269908169872414	 1.4726215563702154	 0.07517535718521454	 0.0010192350822376074
0.4908738521234052	 1.4726215563702154	 0.11091512530841066	 0.0015112495720951006
0.5890486225480862	 1.4726215563702154	 0.14528229299749756	 0.0019403995161473907
0.6872233929727672	 1.4726215563702154	 0.18156494814449328	 0.002477557860041137
0.7853981633974483	 1.4726215563702154	 0.20848938698968003	 0.0028091009801053807
0.8835729338221293	 1.4726215563702154	 0.23084396143360966	 0.003119454196026956
0.9817477042468103	 1.4726215563702154	 0.2507832870012641	 0.003481315469397914
1.0799224746714913	 1.4726215563702154	 0.2686575169336381	 0.003654244119074777
1.1780972450961724	 1.4726215563702154	 0.28436939999281874	 0.004023846075984123
1.2762720155208536	 1.4726215563702154	 0.2822393775723462	 0.003977875454976661
1.3744467859455345	 1.4726215563702154	 0.2813423151802969	 0.003978549962611718
1.4726215563702154	 1.4726215563702154	 0.29129951711578833	 0.003934241170693549
1.5707963267948966	 1.4726215563702154	 0.2855259363245982	 0.0038700634921065256
1.6689710972195777	 1.4726215563702154	 0.2828254980542947	 0.003966501628437089
1.7671458676442586	 1.4726215563702154	 0.2738077932303771	 0.003863217556538291
1.8653206380689396	 1.4726215563702154	 0.26857326115876734	 0.0038554342029865716
1.9634954084936207	 1.4726215563702154	 0.2596579953760816	 0.003572790157389082
2.061670178918302	 1.4726215563702154	 0.2491467775130432	 0.0036335888515118234
2.1598449493429825	 1.4726215563702154	 0.240151524933971	 0.003372826594882992
2.2580197197676637	 1.4726215563702154	 0.23168608201206267	 0.0032796470064560784
2.356194490192345	 1.4726215563702154	 0.22281581496281522	 0.00313606750702693
2.454369260617026	 1.4726215563702154	 0.2160657011270144	 0.002943162512859853
2.552544031041707	 1.4726215563702154	 0.2098353857454071	 0.0029096652819863705
2.650718801466388	 1.4726215563702154	 0.1960595383629341	 0.0026437740340858875
2.748893571891069	 1.4726215563702154	 0.18818959431740662	 0.002739748072923351
2.84706834231575	 1.4726215563702154	 0.17853945542830624	 0.002414573298590176
2.945243112740431	 1.4726215563702154	 0.17511062733200014	 0.0024543520836209478
3.043417883165112	 1.4726215563702154	 0.16774236600062115	 0.0023511912558020704
3.141592653589793	 1.4726215563702154	 0.16123052131301868	 0.0022045804766776217

-3.141592653589793	 1.5707963267948966	 0.17170519814920332	 0.0022948680226017606
-3.043417883165112	 1.5707963267948966	 0.18078768381806096	 0.002617813626599689
-2.945243112740431	 1.5707963267948966	 0.19074126560673504	 0.0026956081692416207
-2.84706834231575	 1.5707963267948966	 0.19620758551956186	 0.002622399715329709
-2.748893571891069	 1.5707963267948966	 0.20657512401410008	 0.002835961163912986
-2.650718801466388	 1.5707963267948966	 0.20512233209302022	 0.002923208375224482
-2.552544031041707	 1.5707963267948966	 0.2163715626959799	 0.002982745753203965
-2.454369260617026	 1.5707963267948966	 0.23196975528799868	 0.0032165087470343735
-2.356194490192345	 1.5707963267948966	 0.23924108395757554	 0.0032226358583551723
-2.2580197197676637	 1.5707963267948966	 0.24163910668147034	 0.0034775813656244825
-2.1598449493429825	 1.5707963267948966	 0.25266456647300484	 0.003586060744385506
-2.061670178918302	 1.5707963267948966	 0.2593914916656693	 0.003645888899367328
-1.9634954084936207	 1.5707963267948966	 0.2686864019563715	 0.0036949596023918858
-1.8653206380689396	 1.5707963267948966	 0.279223609206007	 0.003980558270658332
-1.7671458676442586	 1.5707963267948966	 0.2765140699886429	 0.0037435838690316613
-1.6689710972195777	 1.5707963267948966	 0.2826097531615876	 0.003984523588442487
-1.5707963267948966	 1.5707963267948966	 0.2885672187012375	 0.003930204635980403
-1.4726215563702154	 1.5707963267948966	 0.28613626353330457	 0.004036077019251847
-1.3744467859455345	 1.5707963267948966	 0.29114195311700936	 0.0039261463233699855
-1.2762720155208536	 1.5707963267948966	 0.2818342287227088	 0.00391961096060497
-1.1780972450961724	 1.5707963267948966	 0.28269726638357	 0.0038878307646273763
-1.0799224746714913	 1.5707963267948966	 0.26008872285470347	 0.003780463509648158
-0.9817477042468103	 1.5707963267948966	 0.24049161735451036	 0.003442451367193109
-0.8835729338221293	 1.5707963267948966	 0.22219623716896061	 0.0030996106126610955
-0.7853981633974483	 1.5707963267948966	 0.19395591512786875	 0.0026440998514960317
-0.6872233929727672	 1.5707963267948966	 0.16478375980178844	 0.002355747960013303
-0.5890486225480862	 1.5707963267948966	 0.13103221459451356	 0.0018304039877623983
-0.4908738521234052	 1.5707963267948966	 0.0989344679172085	 0.0014060434167123136
-0.39269908169872414	 1.5707963267948966	 0.06836185129604531	 0.0009906786361127435
-0.2945243112740431	 1.5707963267948966	 0.04072959450502341	 0.0005870341139046542
-0.19634954084936207	 1.5707963267948966	 0.0184651987376105	 0.00026278517019695925
-0.09817477042468103	 1.5707963267948966	 0.004902367427651929	 6.697407393227926e-5
0.0	 1.5707963267948966	 3.0449615136231994e-5	 4.870120943867342e-7
0.09817477042468103	 1.5707963267948966	 0.004902367427651929	 6.697407393227926e-5
0.19634954084936207	 1.5707963267948966	 0.0184651987376105	 0.00026278517019695925
0.2945243112740431	 1.5707963267948966	 0.04072959450502341	 0.0005870341139046542
0.39269908169872414	 1.5707963267948966	 0.06836185129604531	 0.0009906786361127435
0.4908738521234052	 1.5707963267948966	 0.0989344679172085	 0.0014060434167123136
0.5890486225480862	 1.5707963267948966	 0.13103221459451356	 0.0018304039877623983
0.6872233929727672	 1.5707963267948966	 0.16478375980178844	 0.002355747960013303
0.7853981633974483	 1.5707963267948966	 0.19395591512786875	 0.0026440998514960317
0.8835729338221293	 1.5707963267948966	 0.22219623716896061	 0.0030996106126610955
0.9817477042468103	 1.5707963267948966	 0.24049161735451036	 0.003442451367193109
1.0799224746714913	 1.5707963267948966	 0.26008872285470347	 0.003780463509648158
1.1780972450961724	 1.5707963267948966	 0.28269726638357	 0.0038878307646273763
1.2762720155208536	 1.5707963267948966	 0.2818342287227088	 0.00391961096060497
1.3744467859455345	 1.5707963267948966	 0.29114195311700936	 0.0039261463233699855
1.4726215563702154	 1.5707963267948966	 0.28613626353330457	 0.004036077019251847
1.5707963267948966	 1.5707963267948966	 0.2885672187012375	 0.003930204635980403
1.6689710972195777	 1.5707963267948966	 0.2826097531615876	 0.003984523588442487
1.7671458676442586	 1.5707963267948966	 0.2765140699886429	 0.0037435838690316613
1.8653206380689396	 1.5707963267948966	 0.279223609206007	 0.003980558270658332
1.9634954084936207	 1.5707963267948966	 0.2686864019563715	 0.0036949596023918858
2.061670178918302	 1.5707963267948966	 0.2593914916656693	 0.003645888899367328
2.1598449493429825	 1.5707963267948966	 0.25266456647300484	 0.003586060744385506
2.2580197197676637	 1.5707963267948966	 0.24163910668147034	 0.0034775813656244825
2.356194490192345	 1.5707963267948966	 0.23924108395757554	 0.0032226358583551723
2.454369260617026	 1.5707963267948966	 0.23196975528799868	 0.0032165087470343735
2.552544031041707	 1.5707963267948966	 0.2163715626959799	 0.002982745753203965
2.650718801466388	 1.5707963267948966	 0.20512233209302022	 0.002923208375224482
2.748893571891069	 1.5707963267948966	 0.20657512401410008	 0.002835961163912986
2.84706834231575	 1.5707963267948966	 0.19620758551956186	 0.002622399715329709
2.945243112740431	 1.5707963267948966	 0.19074126560673504	 0.0026956081692416207
3.043417883165112	 1.5707963267948966	 0.18078768381806096	 0.002617813626599689
3.141592653589793	 1.5707963267948966	 0.17170519814920332	 0.0022948680226017606

-3.141592653589793	 1.6689710972195777	 0.19293692561492345	 0.002739739169630624
-3.043417883165112	 1.6689710972195777	 0.1929527505482748	 0.002672688035325897
-2.945243112740431	 1.6689710972195777	 0.20130170018560314	 0.002822263781093322
-2.84706834231575	 1.6689710972195777	 0.20912392517996875	 0.002907325661979715
-2.748893571891069	 1.6689710972195777	 0.2204769901764275	 0.00295194334670894
-2.650718801466388	 1.6689710972195777	 0.22186946150860687	 0.0031501733550882956
-2.552544031041707	 1.6689710972195777	 0.2283145254783215	 0.003067673224188873
-2.454369260617026	 1.6689710972195777	 0.23938956599222314	 0.0035042330771239455
-2.356194490192345	 1.6689710972195777	 0.2414620785125799	 0.0034154051657724663
-2.2580197197676637	 1.6689710972195777	 0.2547814226415269	 0.0036836164856705648
-2.1598449493429825	 1.6689710972195777	 0.2639063523913768	 0.0036291758644765655
-2.061670178918302	 1.6689710972195777	 0.2726132929847499	 0.0038089691267135482
-1.9634954084936207	 1.6689710972195777	 0.2694499998448802	 0.0037654056476219312
-1.8653206380689396	 1.6689710972195777	 0.27786587512010086	 0.003928811336567087
-1.7671458676442586	 1.6689710972195777	 0.28046002304009043	 0.0038927352250636422
-1.6689710972195777	 1.6689710972195777	 0.2861576230941176	 0.0041554161246824236
-1.5707963267948966	 1.6689710972195777	 0.28522038587755844	 0.004004560818913268
-1.4726215563702154	 1.6689710972195777	 0.2770514163173508	 0.003919927537159833
-1.3744467859455345	 1.6689710972195777	 0.2706586031306132	 0.003889780300113591
-1.2762720155208536	 1.6689710972195777	 0.2660991455100336	 0.003533901521365054
-1.1780972450961724	 1.6689710972195777	 0.2580028203333819	 0.0035631723394365647
-1.0799224746714913	 1.6689710972195777	 0.24017651833186532	 0.0034101838983068584
-0.9817477042468103	 1.6689710972195777	 0.2240134970553513	 0.003021429612790454
-0.8835729338221293	 1.6689710972195777	 0.20370075753360772	 0.0028924007128975173
-0.7853981633974483	 1.6689710972195777	 0.1718447730766427	 0.0023539332396082645
-0.6872233929727672	 1.6689710972195777	 0.14719941581174792	 0.002036309187715259
-0.5890486225480862	 1.6689710972195777	 0.11627453166425412	 0.0016963886075492755
-0.4908738521234052	 1.6689710972195777	 0.08878888282767955	 0.0012828632099725545
-0.39269908169872414	 1.6689710972195777	 0.05950704038923812	 0.0008436429281999365
-0.2945243112740431	 1.6689710972195777	 0.0359006444894476	 0.000489679902750898
-0.19634954084936207	 1.6689710972195777	 0.01683452048496295	 0.00023043796208907944
-0.09817477042468103	 1.6689710972195777	 0.0042424693902835715	 6.029224624987477e-5
0.0	 1.6689710972195777	 2.65525172667271e-5	 4.259373292119797e-7
0.09817477042468103	 1.6689710972195777	 0.0042424693902835715	 6.029224624987477e-5
0.19634954084936207	 1.6689710972195777	 0.01683452048496295	 0.00023043796208907944
0.2945243112740431	 1.6689710972195777	 0.0359006444894476	 0.000489679902750898
0.39269908169872414	 1.6689710972195777	 0.05950704038923812	 0.0008436429281999365
0.4908738521234052	 1.6689710972195777	 0.08878888282767955	 0.0012828632099725545
0.5890486225480862	 1.6689710972195777	 0.11627453166425412	 0.0016963886075492755
0.6872233929727672	 1.6689710972195777	 0.14719941581174792	 0.002036309187715259
0.7853981633974483	 1.6689710972195777	 0.1718447730766427	 0.0023539332396082645
0.8835729338221293	 1.6689710972195777	 0.20370075753360772	 0.0028924007128975173
0.9817477042468103	 1.6689710972195777	 0.2240134970553513	 0.003021429612790454
1.0799224746714913	 1.6689710972195777	 0.24017651833186532	 0.0034101838983068584
1.1780972450961724	 1.6689710972195777	 0.2580028203333819	 0.0035631723394365647
1.2762720155208536	 1.6689710972195777	 0.2660991455100336	 0.003533901521365054
1.3744467859455345	 1.6689710972195777	 0.2706586031306132	 0.003889780300113591
1.4726215563702154	 1.6689710972195777	 0.2770514163173508	 0.003919927537159833
1.5707963267948966	 1.6689710972195777	 0.28522038587755844	 0.004004560818913268
1.6689710972195777	 1.6689710972195777	 0.2861576230941176	 0.0041554161246824236
1.7671458676442586	 1.6689710972195777	 0.28046002304009043	 0.0038927352250636422
1.8653206380689396	 1.6689710972195777	 0.27786587512010086	 0.003928811336567087
1.9634954084936207	 1.6689710972195777	 0.2694499998448802	 0.0037654056476219312
2.061670178918302	 1.6689710972195777	 0.2726132929847499	 0.0038089691267135482
2.1598449493429825	 1.6689710972195777	 0.2639063523913768	 0.0036291758644765655
2.2580197197676637	 1.6689710972195777	 0.2547814226415269	 0.0036836164856705648
2.356194490192345	 1.6689710972195777	 0.2414620785125799	 0.0034154051657724663
2.454369260617026	 1.6689710972195777	 0.23938956599222314	 0.0035042330771239455
2.552544031041707	 1.6689710972195777	 0.2283145254783215	 0.003067673224188873
2.650718801466388	 1.6689710972195777	 0.22186946150860687	 0.0031501733550882956
2.748893571891069	 1.6689710972195777	 0.2204769901764275	 0.00295194334670894
2.84706834231575	 1.6689710972195777	 0.20912392517996875	 0.002907325661979715
2.945243112740431	 1.6689710972195777	 0.20130170018560314	 0.002822263781093322
3.043417883165112	 1.6689710972195777	 0.1929527505482748	 0.002672688035325897
3.141592653589793	 1.6689710972195777	 0.19293692561492345	 0.002739739169630624

-3.141592653589793	 1.7671458676442586	 0.2005389672477983	 0.002855343267766705
-3.043417883165112	 1.7671458676442586	 0.2030761266977951	 0.002908482173388244
-2.945243112740431	 1.7671458676442586	 0.21174350050930327	 0.0029879998239359593
-2.84706834231575	 1.7671458676442586	 0.2154203112965178	 0.0029171929932712373
-2.748893571891069	 1.7671458676442586	 0.22817144455883887	 0.003267325024862708
-2.650718801466388	 1.7671458676442586	 0.23586647673441796	 0.0033244168293882397
-2.552544031041707	 1.7671458676442586	 0.23441192568935532	 0.003220810107487189
-2.454369260617026	 1.7671458676442586	 0.2515991010432123	 0.003616542056529222
-2.356194490192345	 1.7671458676442586	 0.25197819743403654	 0.003562227101275556
-2.2580197197676637	 1.7671458676442586	 0.2559641191649866	 0.0036406193038118
-2.1598449493429825	 1.7671458676442586	 0.27048670393510477	 0.0037613967511685
-2.061670178918302	 1.7671458676442586	 0.2649846023846588	 0.0037574498419956207
-1.9634954084936207	 1.7671458676442586	 0.27795104407045734	 0.0039904178270464006
-1.8653206380689396	 1.7671458676442586	 0.28225317148116236	 0.004146597399969633
-1.7671458676442586	 1.7671458676442586	 0.2766583843833042	 0.003837608395574619
-1.6689710972195777	 1.7671458676442586	 0.28208708206227534	 0.003885376132502318
-1.5707963267948966	 1.7671458676442586	 0.27672824229786164	 0.004079780390538445
-1.4726215563702154	 1.7671458676442586	 0.2744456476883018	 0.0036761259255235343
-1.3744467859455345	 1.7671458676442586	 0.26561444601513107	 0.003670574695554405
-1.2762720155208536	 1.7671458676442586	 0.25914886771952395	 0.0036017384913966835
-1.1780972450961724	 1.7671458676442586	 0.24752400596342541	 0.0035412353359098587
-1.0799224746714913	 1.7671458676442586	 0.22758617287962565	 0.00336535106152424
-0.9817477042468103	 1.7671458676442586	 0.2099365162901653	 0.0030183151691348816
-0.8835729338221293	 1.7671458676442586	 0.19065752237933548	 0.0026522595241685095
-0.7853981633974483	 1.7671458676442586	 0.16309445438204428	 0.0022775534484574885
-0.6872233929727672	 1.7671458676442586	 0.13760694285796474	 0.0019276421130732526
-0.5890486225480862	 1.7671458676442586	 0.10716271566811361	 0.0015025504238716301
-0.4908738521234052	 1.7671458676442586	 0.07839704656631952	 0.001089149688367754
-0.39269908169872414	 1.7671458676442586	 0.05209896458789117	 0.0007305211058853872
-0.2945243112740431	 1.7671458676442586	 0.03162726259218214	 0.00043490289023327905
-0.19634954084936207	 1.7671458676442586	 0.014575113999444531	 0.0001926707878485071
-0.09817477042468103	 1.7671458676442586	 0.0037914185191385897	 5.293401628686881e-5
0.0	 1.7671458676442586	 2.4375604120453193e-5	 3.9990782290264894e-7
0.09817477042468103	 1.7671458676442586	 0.0037914185191385897	 5.293401628686881e-5
0.19634954084936207	 1.7671458676442586	 0.014575113999444531	 0.0001926707878485071
0.2945243112740431	 1.7671458676442586	 0.03162726259218214	 0.00043490289023327905
0.39269908169872414	 1.7671458676442586	 0.05209896458789117	 0.0007305211058853872
0.4908738521234052	 1.7671458676442586	 0.07839704656631952	 0.001089149688367754
0.5890486225480862	 1.7671458676442586	 0.10716271566811361	 0.0015025504238716301
0.6872233929727672	 1.7671458676442586	 0.13760694285796474	 0.0019276421130732526
0.7853981633974483	 1.7671458676442586	 0.16309445438204428	 0.0022775534484574885
0.8835729338221293	 1.7671458676442586	 0.19065752237933548	 0.0026522595241685095
0.9817477042468103	 1.7671458676442586	 0.2099365162901653	 0.0030183151691348816
1.0799224746714913	 1.7671458676442586	 0.22758617287962565	 0.00336535106152424
1.1780972450961724	 1.7671458676442586	 0.24752400596342541	 0.0035412353359098587
1.2762720155208536	 1.7671458676442586	 0.25914886771952395	 0.0036017384913966835
1.3744467859455345	 1.7671458676442586	 0.26561444601513107	 0.003670574695554405
1.4726215563702154	 1.7671458676442586	 0.2744456476883018	 0.0036761259255235343
1.5707963267948966	 1.7671458676442586	 0.27672824229786164	 0.004079780390538445
1.6689710972195777	 1.7671458676442586	 0.28208708206227534	 0.003885376132502318
1.7671458676442586	 1.7671458676442586	 0.2766583843833042	 0.003837608395574619
1.8653206380689396	 1.7671458676442586	 0.28225317148116236	 0.004146597399969633
1.9634954084936207	 1.7671458676442586	 0.27795104407045734	 0.0039904178270464006
2.061670178918302	 1.7671458676442586	 0.2649846023846588	 0.0037574498419956207
2.1598449493429825	 1.7671458676442586	 0.27048670393510477	 0.0037613967511685
2.2580197197676637	 1.7671458676442586	 0.2559641191649866	 0.0036406193038118
2.356194490192345	 1.7671458676442586	 0.25197819743403654	 0.003562227101275556
2.454369260617026	 1.7671458676442586	 0.2515991010432123	 0.003616542056529222
2.552544031041707	 1.7671458676442586	 0.23441192568935532	 0.003220810107487189
2.650718801466388	 1.7671458676442586	 0.23586647673441796	 0.0033244168293882397
2.748893571891069	 1.7671458676442586	 0.22817144455883887	 0.003267325024862708
2.84706834231575	 1.7671458676442586	 0.2154203112965178	 0.0029171929932712373
2.945243112740431	 1.7671458676442586	 0.21174350050930327	 0.0029879998239359593
3.043417883165112	 1.7671458676442586	 0.2030761266977951	 0.002908482173388244
3.141592653589793	 1.7671458676442586	 0.2005389672477983	 0.002855343267766705

-3.141592653589793	 1.8653206380689396	 0.2107928485220772	 0.002933567831606166
-3.043417883165112	 1.8653206380689396	 0.21668931400454827	 0.0030557820596288864
-2.945243112740431	 1.8653206380689396	 0.22041508488594866	 0.00311133996885786
-2.84706834231575	 1.8653206380689396	 0.22727736399087722	 0.0031901035933514714
-2.748893571891069	 1.8653206380689396	 0.23580219288655271	 0.0033874627584621173
-2.650718801466388	 1.8653206380689396	 0.2434963112161019	 0.0033602899066754992
-2.552544031041707	 1.8653206380689396	 0.25102101914616015	 0.003418512403421142
-2.454369260617026	 1.8653206380689396	 0.25571336407788464	 0.0036220376073509896
-2.356194490192345	 1.8653206380689396	 0.26400431512658046	 0.0036878488016457104
-2.2580197197676637	 1.8653206380689396	 0.2646715967294282	 0.00374324817365209
-2.1598449493429825	 1.8653206380689396	 0.265363681559309	 0.003730591511642614
-2.061670178918302	 1.8653206380689396	 0.27867938627618327	 0.003833948272849775
-1.9634954084936207	 1.8653206380689396	 0.2693676167779017	 0.003664746751421979
-1.8653206380689396	 1.8653206380689396	 0.2727252106316038	 0.003825538775735127
-1.7671458676442586	 1.8653206380689396	 0.27656133270539646	 0.003943461039383305
-1.6689710972195777	 1.8653206380689396	 0.27617178045674556	 0.003845088459395694
-1.5707963267948966	 1.8653206380689396	 0.27271745720644935	 0.003904729248827547
-1.4726215563702154	 1.8653206380689396	 0.25603693959383067	 0.0035477544815726036
-1.3744467859455345	 1.8653206380689396	 0.2685305843137916	 0.0038939633603000006
-1.2762720155208536	 1.8653206380689396	 0.2500062198933579	 0.0035791689916270077
-1.1780972450961724	 1.8653206380689396	 0.23386123787890478	 0.0033271200426309424
-1.0799224746714913	 1.8653206380689396	 0.21766021302506178	 0.003018391653429559
-0.9817477042468103	 1.8653206380689396	 0.1944147250522393	 0.002780885016551245
-0.8835729338221293	 1.8653206380689396	 0.18241523001505028	 0.0024581705626135087
-0.7853981633974483	 1.8653206380689396	 0.14823637339758367	 0.0020114134791489858
-0.6872233929727672	 1.8653206380689396	 0.12040543936680322	 0.001680618711567494
-0.5890486225480862	 1.8653206380689396	 0.09815044596065209	 0.0013611196236142
-0.4908738521234052	 1.8653206380689396	 0.07042552159947335	 0.0009879443141307654
-0.39269908169872414	 1.8653206380689396	 0.04785050762561704	 0.0006709253544464937
-0.2945243112740431	 1.8653206380689396	 0.028669824419669133	 0.0003944264563319418
-0.19634954084936207	 1.8653206380689396	 0.013075660294170476	 0.00017848444243671042
-0.09817477042468103	 1.8653206380689396	 0.003318214295856567	 4.705080394727437e-5
0.0	 1.8653206380689396	 2.138124528172277e-5	 3.336586925140351e-7
0.09817477042468103	 1.8653206380689396	 0.003318214295856567	 4.705080394727437e-5
0.19634954084936207	 1.8653206380689396	 0.013075660294170476	 0.00017848444243671042
0.2945243112740431	 1.8653206380689396	 0.028669824419669133	 0.0003944264563319418
0.39269908169872414	 1.8653206380689396	 0.04785050762561704	 0.0006709253544464937
0.4908738521234052	 1.8653206380689396	 0.07042552159947335	 0.0009879443141307654
0.5890486225480862	 1.8653206380689396	 0.09815044596065209	 0.0013611196236142
0.6872233929727672	 1.8653206380689396	 0.12040543936680322	 0.001680618711567494
0.7853981633974483	 1.8653206380689396	 0.14823637339758367	 0.0020114134791489858
0.8835729338221293	 1.8653206380689396	 0.18241523001505028	 0.0024581705626135087
0.9817477042468103	 1.8653206380689396	 0.1944147250522393	 0.002780885016551245
1.0799224746714913	 1.8653206380689396	 0.21766021302506178	 0.003018391653429559
1.1780972450961724	 1.8653206380689396	 0.23386123787890478	 0.0033271200426309424
1.2762720155208536	 1.8653206380689396	 0.2500062198933579	 0.0035791689916270077
1.3744467859455345	 1.8653206380689396	 0.2685305843137916	 0.0038939633603000006
1.4726215563702154	 1.8653206380689396	 0.25603693959383067	 0.0035477544815726036
1.5707963267948966	 1.8653206380689396	 0.27271745720644935	 0.003904729248827547
1.6689710972195777	 1.8653206380689396	 0.27617178045674556	 0.003845088459395694
1.7671458676442586	 1.8653206380689396	 0.27656133270539646	 0.003943461039383305
1.8653206380689396	 1.8653206380689396	 0.2727252106316038	 0.003825538775735127
1.9634954084936207	 1.8653206380689396	 0.2693676167779017	 0.003664746751421979
2.061670178918302	 1.8653206380689396	 0.27867938627618327	 0.003833948272849775
2.1598449493429825	 1.8653206380689396	 0.265363681559309	 0.003730591511642614
2.2580197197676637	 1.8653206380689396	 0.2646715967294282	 0.00374324817365209
2.356194490192345	 1.8653206380689396	 0.26400431512658046	 0.0036878488016457104
2.454369260617026	 1.8653206380689396	 0.25571336407788464	 0.0036220376073509896
2.552544031041707	 1.8653206380689396	 0.25102101914616015	 0.003418512403421142
2.650718801466388	 1.8653206380689396	 0.2434963112161019	 0.0033602899066754992
2.748893571891069	 1.8653206380689396	 0.23580219288655271	 0.0033874627584621173
2.84706834231575	 1.8653206380689396	 0.22727736399087722	 0.0031901035933514714
2.945243112740431	 1.8653206380689396	 0.22041508488594866	 0.00311133996885786
3.043417883165112	 1.8653206380689396	 0.21668931400454827	 0.0030557820596288864
3.141592653589793	 1.8653206380689396	 0.2107928485220772	 0.002933567831606166

-3.141592653589793	 1.9634954084936207	 0.22049969181757176	 0.003038988734430494
-3.043417883165112	 1.9634954084936207	 0.22718500998763938	 0.0031644063178060205
-2.945243112740431	 1.9634954084936207	 0.22985814407897887	 0.0031317081326688143
-2.84706834231575	 1.9634954084936207	 0.24037335676899987	 0.003494204824665391
-2.748893571891069	 1.9634954084936207	 0.23750285693165724	 0.0033584798485484955
-2.650718801466388	 1.9634954084936207	 0.24939494775109797	 0.003515994858419054
-2.552544031041707	 1.9634954084936207	 0.25238416041955	 0.0036095553939836387
-2.454369260617026	 1.9634954084936207	 0.2666168173492538	 0.0038613248500874472
-2.356194490192345	 1.9634954084936207	 0.2677803219599568	 0.0037897525520733293
-2.2580197197676637	 1.9634954084936207	 0.27354505430182435	 0.0038266608258627874
-2.1598449493429825	 1.9634954084936207	 0.273002678998535	 0.0037738506370929427
-2.061670178918302	 1.9634954084936207	 0.268230827837934	 0.0036488701403510505
-1.9634954084936207	 1.9634954084936207	 0.2751381467105805	 0.003915414385129301
-1.8653206380689396	 1.9634954084936207	 0.2699297605881324	 0.003723553169031998
-1.7671458676442586	 1.9634954084936207	 0.2751323152020807	 0.003666586157350052
-1.6689710972195777	 1.9634954084936207	 0.27494403761060143	 0.00382252774947489
-1.5707963267948966	 1.9634954084936207	 0.2697978488768006	 0.003735528643967799
-1.4726215563702154	 1.9634954084936207	 0.25331985814444535	 0.0035136204316875154
-1.3744467859455345	 1.9634954084936207	 0.25130341953752816	 0.0034096562086114563
-1.2762720155208536	 1.9634954084936207	 0.23595644579345856	 0.0033405948248443084
-1.1780972450961724	 1.9634954084936207	 0.22007452948434209	 0.003153338706596473
-1.0799224746714913	 1.9634954084936207	 0.20804629610825867	 0.0028512966591597313
-0.9817477042468103	 1.9634954084936207	 0.18371521225271725	 0.0025612869813843833
-0.8835729338221293	 1.9634954084936207	 0.16093534303261578	 0.0022656404834388404
-0.7853981633974483	 1.9634954084936207	 0.13943320061114006	 0.0019457042936911867
-0.6872233929727672	 1.9634954084936207	 0.11608319350109525	 0.00167487023774513
-0.5890486225480862	 1.9634954084936207	 0.08660252972051448	 0.001260293112878497
-0.4908738521234052	 1.9634954084936207	 0.0650980455240272	 0.0009098605724078259
-0.39269908169872414	 1.9634954084936207	 0.04344048516354018	 0.0006131923813223524
-0.2945243112740431	 1.9634954084936207	 0.02574059190996056	 0.00036187006590138133
-0.19634954084936207	 1.9634954084936207	 0.011646750068756886	 0.00017059572913107567
-0.09817477042468103	 1.9634954084936207	 0.002975385796391838	 4.2688071662270656e-5
0.0	 1.9634954084936207	 1.9353897506115687e-5	 3.2191703512260575e-7
0.09817477042468103	 1.9634954084936207	 0.002975385796391838	 4.2688071662270656e-5
0.19634954084936207	 1.9634954084936207	 0.011646750068756886	 0.00017059572913107567
0.2945243112740431	 1.9634954084936207	 0.02574059190996056	 0.00036187006590138133
0.39269908169872414	 1.9634954084936207	 0.04344048516354018	 0.0006131923813223524
0.4908738521234052	 1.9634954084936207	 0.0650980455240272	 0.0009098605724078259
0.5890486225480862	 1.9634954084936207	 0.08660252972051448	 0.001260293112878497
0.6872233929727672	 1.9634954084936207	 0.11608319350109525	 0.00167487023774513
0.7853981633974483	 1.9634954084936207	 0.13943320061114006	 0.0019457042936911867
0.8835729338221293	 1.9634954084936207	 0.16093534303261578	 0.0022656404834388404
0.9817477042468103	 1.9634954084936207	 0.18371521225271725	 0.0025612869813843833
1.0799224746714913	 1.9634954084936207	 0.20804629610825867	 0.0028512966591597313
1.1780972450961724	 1.9634954084936207	 0.22007452948434209	 0.003153338706596473
1.2762720155208536	 1.9634954084936207	 0.23595644579345856	 0.0033405948248443084
1.3744467859455345	 1.9634954084936207	 0.25130341953752816	 0.0034096562086114563
1.4726215563702154	 1.9634954084936207	 0.25331985814444535	 0.0035136204316875154
1.5707963267948966	 1.9634954084936207	 0.2697978488768006	 0.003735528643967799
1.6689710972195777	 1.9634954084936207	 0.27494403761060143	 0.00382252774947489
1.7671458676442586	 1.9634954084936207	 0.2751323152020807	 0.003666586157350052
1.8653206380689396	 1.9634954084936207	 0.2699297605881324	 0.003723553169031998
1.9634954084936207	 1.9634954084936207	 0.2751381467105805	 0.003915414385129301
2.061670178918302	 1.9634954084936207	 0.268230827837934	 0.0036488701403510505
2.1598449493429825	 1.9634954084936207	 0.273002678998535	 0.0037738506370929427
2.2580197197676637	 1.9634954084936207	 0.27354505430182435	 0.0038266608258627874
2.356194490192345	 1.9634954084936207	 0.2677803219599568	 0.0037897525520733293
2.454369260617026	 1.9634954084936207	 0.2666168173492538	 0.0038613248500874472
2.552544031041707	 1.9634954084936207	 0.25238416041955	 0.0036095553939836387
2.650718801466388	 1.9634954084936207	 0.24939494775109797	 0.003515994858419054
2.748893571891069	 1.9634954084936207	 0.23750285693165724	 0.0033584798485484955
2.84706834231575	 1.9634954084936207	 0.24037335676899987	 0.003494204824665391
2.945243112740431	 1.9634954084936207	 0.22985814407897887	 0.0031317081326688143
3.043417883165112	 1.9634954084936207	 0.22718500998763938	 0.0031644063178060205
3.141592653589793	 1.9634954084936207	 0.22049969181757176	 0.003038988734430494

-3.141592653589793	 2.061670178918302	 0.22409584963815313	 0.0031345839707720806
-3.043417883165112	 2.061670178918302	 0.2355806022514925	 0.003277710023644492
-2.945243112740431	 2.061670178918302	 0.23676995540518747	 0.003273570534178665
-2.84706834231575	 2.061670178918302	 0.24495691399059522	 0.0035265866314241846
-2.748893571891069	 2.061670178918302	 0.2542727866098627	 0.0035947720744094126
-2.650718801466388	 2.061670178918302	 0.2536027840092993	 0.0036165125109841306
-2.552544031041707	 2.061670178918302	 0.25764535620337453	 0.0035038572184327983
-2.454369260617026	 2.061670178918302	 0.26935061244954406	 0.0037860463123910696
-2.356194490192345	 2.061670178918302	 0.27059396775245165	 0.003780268854345814
-2.2580197197676637	 2.061670178918302	 0.2755493028692144	 0.003737966954166905
-2.1598449493429825	 2.061670178918302	 0.27117463394672875	 0.003644507857793385
-2.061670178918302	 2.061670178918302	 0.276812688326035	 0.003960020361161611
-1.9634954084936207	 2.061670178918302	 0.28165110014447936	 0.003870976129417783
-1.8653206380689396	 2.061670178918302	 0.26779100464305794	 0.003810183865720159
-1.7671458676442586	 2.061670178918302	 0.27155276474510787	 0.0037405718497051546
-1.6689710972195777	 2.061670178918302	 0.2660158870346971	 0.00381917683387652
-1.5707963267948966	 2.061670178918302	 0.2603213019359429	 0.003551953205784095
-1.4726215563702154	 2.061670178918302	 0.24874006702997017	 0.0034119264506748794
-1.3744467859455345	 2.061670178918302	 0.24038741704629518	 0.0033936419101077385
-1.2762720155208536	 2.061670178918302	 0.23010956794117396	 0.003248987383868243
-1.1780972450961724	 2.061670178918302	 0.20991632185491205	 0.002891441379968574
-1.0799224746714913	 2.061670178918302	 0.1958998108796613	 0.0027866661169257696
-0.9817477042468103	 2.061670178918302	 0.17029984299696654	 0.0023874427533640665
-0.8835729338221293	 2.061670178918302	 0.1483603396541297	 0.0020428541040966373
-0.7853981633974483	 2.061670178918302	 0.12582843121636964	 0.0016621400282164065
-0.6872233929727672	 2.061670178918302	 0.10184323041555643	 0.0014724778735162108
-0.5890486225480862	 2.061670178918302	 0.08357155448922436	 0.0011965116593614254
-0.4908738521234052	 2.061670178918302	 0.058477386316352596	 0.0008047106337051942
-0.39269908169872414	 2.061670178918302	 0.03938203580984496	 0.0005426304759756403
-0.2945243112740431	 2.061670178918302	 0.022426640179108687	 0.0003115541923727527
-0.19634954084936207	 2.061670178918302	 0.010305897813205013	 0.00014906522877997908
-0.09817477042468103	 2.061670178918302	 0.0026577385109907924	 3.7597632035691456e-5
0.0	 2.061670178918302	 1.7548250531055847e-5	 2.873599119759722e-7
0.09817477042468103	 2.061670178918302	 0.0026577385109907924	 3.7597632035691456e-5
0.19634954084936207	 2.061670178918302	 0.010305897813205013	 0.00014906522877997908
0.2945243112740431	 2.061670178918302	 0.022426640179108687	 0.0003115541923727527
0.39269908169872414	 2.061670178918302	 0.03938203580984496	 0.0005426304759756403
0.4908738521234052	 2.061670178918302	 0.058477386316352596	 0.0008047106337051942
0.5890486225480862	 2.061670178918302	 0.08357155448922436	 0.0011965116593614254
0.6872233929727672	 2.061670178918302	 0.10184323041555643	 0.0014724778735162108
0.7853981633974483	 2.061670178918302	 0.12582843121636964	 0.0016621400282164065
0.8835729338221293	 2.061670178918302	 0.1483603396541297	 0.0020428541040966373
0.9817477042468103	 2.061670178918302	 0.17029984299696654	 0.0023874427533640665
1.0799224746714913	 2.061670178918302	 0.1958998108796613	 0.0027866661169257696
1.1780972450961724	 2.061670178918302	 0.20991632185491205	 0.002891441379968574
1.2762720155208536	 2.061670178918302	 0.23010956794117396	 0.003248987383868243
1.3744467859455345	 2.061670178918302	 0.24038741704629518	 0.0033936419101077385
1.4726215563702154	 2.061670178918302	 0.24874006702997017	 0.0034119264506748794
1.5707963267948966	 2.061670178918302	 0.2603213019359429	 0.003551953205784095
1.6689710972195777	 2.061670178918302	 0.2660158870346971	 0.00381917683387652
1.7671458676442586	 2.061670178918302	 0.27155276474510787	 0.0037405718497051546
1.8653206380689396	 2.061670178918302	 0.26779100464305794	 0.003810183865720159
1.9634954084936207	 2.061670178918302	 0.28165110014447936	 0.003870976129417783
2.061670178918302	 2.061670178918302	 0.276812688326035	 0.003960020361161611
2.1598449493429825	 2.061670178918302	 0.27117463394672875	 0.003644507857793385
2.2580197197676637	 2.061670178918302	 0.2755493028692144	 0.003737966954166905
2.356194490192345	 2.061670178918302	 0.27059396775245165	 0.003780268854345814
2.454369260617026	 2.061670178918302	 0.26935061244954406	 0.0037860463123910696
2.552544031041707	 2.061670178918302	 0.25764535620337453	 0.0035038572184327983
2.650718801466388	 2.061670178918302	 0.2536027840092993	 0.0036165125109841306
2.748893571891069	 2.061670178918302	 0.2542727866098627	 0.0035947720744094126
2.84706834231575	 2.061670178918302	 0.24495691399059522	 0.0035265866314241846
2.945243112740431	 2.061670178918302	 0.23676995540518747	 0.003273570534178665
3.043417883165112	 2.061670178918302	 0.2355806022514925	 0.003277710023644492
3.141592653589793	 2.061670178918302	 0.22409584963815313	 0.0031345839707720806

-3.141592653589793	 2.1598449493429825	 0.24448415461423878	 0.003312255867177573
-3.043417883165112	 2.1598449493429825	 0.24801053290542063	 0.0036722192181994433
-2.945243112740431	 2.1598449493429825	 0.24628382616358546	 0.0034014085667342328
-2.84706834231575	 2.1598449493429825	 0.25417844389120076	 0.0035994194983603707
-2.748893571891069	 2.1598449493429825	 0.2623126443667334	 0.0036756167594794386
-2.650718801466388	 2.1598449493429825	 0.26385793443297867	 0.00357301051167954
-2.552544031041707	 2.1598449493429825	 0.2642858273491687	 0.0037652704755169165
-2.454369260617026	 2.1598449493429825	 0.2677907665604554	 0.003683978993831875
-2.356194490192345	 2.1598449493429825	 0.2682522839588507	 0.0038699853062622823
-2.2580197197676637	 2.1598449493429825	 0.2649813744625695	 0.003709244162598151
-2.1598449493429825	 2.1598449493429825	 0.27148051098586573	 0.003877431207342174
-2.061670178918302	 2.1598449493429825	 0.275156557345086	 0.0037596234955346855
-1.9634954084936207	 2.1598449493429825	 0.2665459512168504	 0.0037694341970769124
-1.8653206380689396	 2.1598449493429825	 0.2673343188141465	 0.0038085173221275173
-1.7671458676442586	 2.1598449493429825	 0.26702762583897804	 0.003947207942831902
-1.6689710972195777	 2.1598449493429825	 0.25803247532294893	 0.0037445890384284436
-1.5707963267948966	 2.1598449493429825	 0.2518365295868446	 0.0035741893082318604
-1.4726215563702154	 2.1598449493429825	 0.24244353186057904	 0.0033430214139083684
-1.3744467859455345	 2.1598449493429825	 0.23295322333374582	 0.0031474709751764074
-1.2762720155208536	 2.1598449493429825	 0.21529547377878838	 0.0031036212335243747
-1.1780972450961724	 2.1598449493429825	 0.20194857643564162	 0.0028911150146666087
-1.0799224746714913	 2.1598449493429825	 0.18313440254618493	 0.002558414669868746
-0.9817477042468103	 2.1598449493429825	 0.15648363798788664	 0.002181906665192366
-0.8835729338221293	 2.1598449493429825	 0.13921407996192067	 0.0019288150957379978
-0.7853981633974483	 2.1598449493429825	 0.11916525339657293	 0.0016440530436944028
-0.6872233929727672	 2.1598449493429825	 0.09334517229161161	 0.0013186287008642534
-0.5890486225480862	 2.1598449493429825	 0.07491397207319787	 0.0010397245355435495
-0.4908738521234052	 2.1598449493429825	 0.05341905127781738	 0.0007467899661334343
-0.39269908169872414	 2.1598449493429825	 0.03547124450849117	 0.00048016425739782093
-0.2945243112740431	 2.1598449493429825	 0.020709512450393805	 0.00029425903297225465
-0.19634954084936207	 2.1598449493429825	 0.009487154226570822	 0.00013647364333511732
-0.09817477042468103	 2.1598449493429825	 0.002388098173503196	 3.411175649262489e-5
0.0	 2.1598449493429825	 1.615028310109572e-5	 2.658497188820964e-7
0.09817477042468103	 2.1598449493429825	 0.002388098173503196	 3.411175649262489e-5
0.19634954084936207	 2.1598449493429825	 0.009487154226570822	 0.00013647364333511732
0.2945243112740431	 2.1598449493429825	 0.020709512450393805	 0.00029425903297225465
0.39269908169872414	 2.1598449493429825	 0.03547124450849117	 0.00048016425739782093
0.4908738521234052	 2.1598449493429825	 0.05341905127781738	 0.0007467899661334343
0.5890486225480862	 2.1598449493429825	 0.07491397207319787	 0.0010397245355435495
0.6872233929727672	 2.1598449493429825	 0.09334517229161161	 0.0013186287008642534
0.7853981633974483	 2.1598449493429825	 0.11916525339657293	 0.0016440530436944028
0.8835729338221293	 2.1598449493429825	 0.13921407996192067	 0.0019288150957379978
0.9817477042468103	 2.1598449493429825	 0.15648363798788664	 0.002181906665192366
1.0799224746714913	 2.1598449493429825	 0.18313440254618493	 0.002558414669868746
1.1780972450961724	 2.1598449493429825	 0.20194857643564162	 0.0028911150146666087
1.2762720155208536	 2.1598449493429825	 0.21529547377878838	 0.0031036212335243747
1.3744467859455345	 2.1598449493429825	 0.23295322333374582	 0.0031474709751764074
1.4726215563702154	 2.1598449493429825	 0.24244353186057904	 0.0033430214139083684
1.5707963267948966	 2.1598449493429825	 0.2518365295868446	 0.0035741893082318604
1.6689710972195777	 2.1598449493429825	 0.25803247532294893	 0.0037445890384284436
1.7671458676442586	 2.1598449493429825	 0.26702762583897804	 0.003947207942831902
1.8653206380689396	 2.1598449493429825	 0.2673343188141465	 0.0038085173221275173
1.9634954084936207	 2.1598449493429825	 0.2665459512168504	 0.0037694341970769124
2.061670178918302	 2.1598449493429825	 0.275156557345086	 0.0037596234955346855
2.1598449493429825	 2.1598449493429825	 0.27148051098586573	 0.003877431207342174
2.2580197197676637	 2.1598449493429825	 0.2649813744625695	 0.003709244162598151
2.356194490192345	 2.1598449493429825	 0.2682522839588507	 0.0038699853062622823
2.454369260617026	 2.1598449493429825	 0.2677907665604554	 0.003683978993831875
2.552544031041707	 2.1598449493429825	 0.2642858273491687	 0.0037652704755169165
2.650718801466388	 2.1598449493429825	 0.26385793443297867	 0.00357301051167954
2.748893571891069	 2.1598449493429825	 0.2623126443667334	 0.0036756167594794386
2.84706834231575	 2.1598449493429825	 0.25417844389120076	 0.0035994194983603707
2.945243112740431	 2.1598449493429825	 0.24628382616358546	 0.0034014085667342328
3.043417883165112	 2.1598449493429825	 0.24801053290542063	 0.0036722192181994433
3.141592653589793	 2.1598449493429825	 0.24448415461423878	 0.003312255867177573

-3.141592653589793	 2.2580197197676637	 0.24562690813053317	 0.003303499429583637
-3.043417883165112	 2.2580197197676637	 0.25432698725827885	 0.0036614616440477925
-2.945243112740431	 2.2580197197676637	 0.2586271056281385	 0.0035123637542639414
-2.84706834231575	 2.2580197197676637	 0.2651387946395624	 0.0037529524781046764
-2.748893571891069	 2.2580197197676637	 0.26456440890241584	 0.003738535919479737
-2.650718801466388	 2.2580197197676637	 0.27119145909445586	 0.0036670737452315027
-2.552544031041707	 2.2580197197676637	 0.2705973515184744	 0.0037064674393185205
-2.454369260617026	 2.2580197197676637	 0.266379826362369	 0.0037022813577902445
-2.356194490192345	 2.2580197197676637	 0.26908995028208726	 0.003682959729418646
-2.2580197197676637	 2.2580197197676637	 0.2703296551752955	 0.0039029820505562716
-2.1598449493429825	 2.2580197197676637	 0.27865825198303806	 0.003990548409908796
-2.061670178918302	 2.2580197197676637	 0.27053099865394964	 0.0036909242204539367
-1.9634954084936207	 2.2580197197676637	 0.2658252221125384	 0.0036709688125861326
-1.8653206380689396	 2.2580197197676637	 0.2668130457416041	 0.0037315590610608423
-1.7671458676442586	 2.2580197197676637	 0.2626882478606807	 0.0035046840746872847
-1.6689710972195777	 2.2580197197676637	 0.2525844781602782	 0.0035431216107689755
-1.5707963267948966	 2.2580197197676637	 0.24680572777681084	 0.003493082230843816
-1.4726215563702154	 2.2580197197676637	 0.22858823248967577	 0.0032613550225669527
-1.3744467859455345	 2.2580197197676637	 0.21807114291131854	 0.003007361151093577
-1.2762720155208536	 2.2580197197676637	 0.2053898814855403	 0.0027570244081781474
-1.1780972450961724	 2.2580197197676637	 0.19183920218802278	 0.0027405511457586056
-1.0799224746714913	 2.2580197197676637	 0.1636622563026024	 0.0023437303039276843
-0.9817477042468103	 2.2580197197676637	 0.14690608489246107	 0.002060177024500653
-0.8835729338221293	 2.2580197197676637	 0.13244720662807571	 0.0018318931589993265
-0.7853981633974483	 2.2580197197676637	 0.10992560831802768	 0.0015501166247629246
-0.6872233929727672	 2.2580197197676637	 0.08617614236780347	 0.0012743113101605296
-0.5890486225480862	 2.2580197197676637	 0.06867105806830516	 0.000971134256865149
-0.4908738521234052	 2.2580197197676637	 0.048837315303691224	 0.0006949111633622658
-0.39269908169872414	 2.2580197197676637	 0.03196284435540726	 0.00043288068647356833
-0.2945243112740431	 2.2580197197676637	 0.018650056801578645	 0.00025748727751462433
-0.19634954084936207	 2.2580197197676637	 0.008603768203585898	 0.000112619979506565
-0.09817477042468103	 2.2580197197676637	 0.002164451172689751	 2.9593552408571295e-5
0.0	 2.2580197197676637	 1.4848435630319094e-5	 2.4483723462638593e-7
0.09817477042468103	 2.2580197197676637	 0.002164451172689751	 2.9593552408571295e-5
0.19634954084936207	 2.2580197197676637	 0.008603768203585898	 0.000112619979506565
0.2945243112740431	 2.2580197197676637	 0.018650056801578645	 0.00025748727751462433
0.39269908169872414	 2.2580197197676637	 0.03196284435540726	 0.00043288068647356833
0.4908738521234052	 2.2580197197676637	 0.048837315303691224	 0.0006949111633622658
0.5890486225480862	 2.2580197197676637	 0.06867105806830516	 0.000971134256865149
0.6872233929727672	 2.2580197197676637	 0.08617614236780347	 0.0012743113101605296
0.7853981633974483	 2.2580197197676637	 0.10992560831802768	 0.0015501166247629246
0.8835729338221293	 2.2580197197676637	 0.13244720662807571	 0.0018318931589993265
0.9817477042468103	 2.2580197197676637	 0.14690608489246107	 0.002060177024500653
1.0799224746714913	 2.2580197197676637	 0.1636622563026024	 0.0023437303039276843
1.1780972450961724	 2.2580197197676637	 0.19183920218802278	 0.0027405511457586056
1.2762720155208536	 2.2580197197676637	 0.2053898814855403	 0.0027570244081781474
1.3744467859455345	 2.2580197197676637	 0.21807114291131854	 0.003007361151093577
1.4726215563702154	 2.2580197197676637	 0.22858823248967577	 0.0032613550225669527
1.5707963267948966	 2.2580197197676637	 0.24680572777681084	 0.003493082230843816
1.6689710972195777	 2.2580197197676637	 0.2525844781602782	 0.0035431216107689755
1.7671458676442586	 2.2580197197676637	 0.2626882478606807	 0.0035046840746872847
1.8653206380689396	 2.2580197197676637	 0.2668130457416041	 0.0037315590610608423
1.9634954084936207	 2.2580197197676637	 0.2658252221125384	 0.0036709688125861326
2.061670178918302	 2.2580197197676637	 0.27053099865394964	 0.0036909242204539367
2.1598449493429825	 2.2580197197676637	 0.27865825198303806	 0.003990548409908796
2.2580197197676637	 2.2580197197676637	 0.2703296551752955	 0.0039029820505562716
2.356194490192345	 2.2580197197676637	 0.26908995028208726	 0.003682959729418646
2.454369260617026	 2.2580197197676637	 0.266379826362369	 0.0037022813577902445
2.552544031041707	 2.2580197197676637	 0.2705973515184744	 0.0037064674393185205
2.650718801466388	 2.2580197197676637	 0.27119145909445586	 0.0036670737452315027
2.748893571891069	 2.2580197197676637	 0.26456440890241584	 0.003738535919479737
2.84706834231575	 2.2580197197676637	 0.2651387946395624	 0.0037529524781046764
2.945243112740431	 2.2580197197676637	 0.2586271056281385	 0.0035123637542639414
3.043417883165112	 2.2580197197676637	 0.25432698725827885	 0.0036614616440477925
3.141592653589793	 2.2580197197676637	 0.24562690813053317	 0.003303499429583637

-3.141592653589793	 2.356194490192345	 0.25478315408490804	 0.003609008912043145
-3.043417883165112	 2.356194490192345	 0.2575794302758533	 0.00365932921788514
-2.945243112740431	 2.356194490192345	 0.2626344976977846	 0.003531332500560513
-2.84706834231575	 2.356194490192345	 0.2609875879702466	 0.003687233943893316
-2.748893571891069	 2.356194490192345	 0.26110917929871286	 0.0036425797247171955
-2.650718801466388	 2.356194490192345	 0.2614390555119679	 0.003518338219423599
-2.552544031041707	 2.356194490192345	 0.27317136017548854	 0.0038012585180234666
-2.454369260617026	 2.356194490192345	 0.27809341540205945	 0.0038101621064104522
-2.356194490192345	 2.356194490192345	 0.27201333211546913	 0.003797346487392083
-2.2580197197676637	 2.356194490192345	 0.2697512154499128	 0.0037268886599687166
-2.1598449493429825	 2.356194490192345	 0.26720392549362576	 0.0036092273277662174
-2.061670178918302	 2.356194490192345	 0.2677411817654013	 0.0037377732380414544
-1.9634954084936207	 2.356194490192345	 0.26074202400050056	 0.0036340718295597312
-1.8653206380689396	 2.356194490192345	 0.257230436079755	 0.003449584332107958
-1.7671458676442586	 2.356194490192345	 0.25097837822711555	 0.0033846550233725035
-1.6689710972195777	 2.356194490192345	 0.24675875386510365	 0.0034055045146472087
-1.5707963267948966	 2.356194490192345	 0.23240122434138358	 0.0031651177781583163
-1.4726215563702154	 2.356194490192345	 0.22211889740980603	 0.0031065176823138287
-1.3744467859455345	 2.356194490192345	 0.21625512263830615	 0.0030570167243287264
-1.2762720155208536	 2.356194490192345	 0.19148356679645143	 0.002690272875560967
-1.1780972450961724	 2.356194490192345	 0.18306681864215163	 0.0024802792865750447
-1.0799224746714913	 2.356194490192345	 0.15929677032434686	 0.0022794380943807284
-0.9817477042468103	 2.356194490192345	 0.14399838160031656	 0.001949622835093583
-0.8835729338221293	 2.356194490192345	 0.12014779721008205	 0.0016136425400862314
-0.7853981633974483	 2.356194490192345	 0.1000287463986216	 0.0014491634948996547
-0.6872233929727672	 2.356194490192345	 0.07974743753967832	 0.0011209136653565813
-0.5890486225480862	 2.356194490192345	 0.061006285330158165	 0.000858529097215966
-0.4908738521234052	 2.356194490192345	 0.044399448863232056	 0.0006232142227153277
-0.39269908169872414	 2.356194490192345	 0.030280599191526827	 0.00042394448043429076
-0.2945243112740431	 2.356194490192345	 0.016959340456971433	 0.0002431223244342616
-0.19634954084936207	 2.356194490192345	 0.007740571065420256	 0.00011022337011659759
-0.09817477042468103	 2.356194490192345	 0.0019163524841735436	 2.7115337791729775e-5
0.0	 2.356194490192345	 1.3412677011462892e-5	 2.1294560253078165e-7
0.09817477042468103	 2.356194490192345	 0.0019163524841735436	 2.7115337791729775e-5
0.19634954084936207	 2.356194490192345	 0.007740571065420256	 0.00011022337011659759
0.2945243112740431	 2.356194490192345	 0.016959340456971433	 0.0002431223244342616
0.39269908169872414	 2.356194490192345	 0.030280599191526827	 0.00042394448043429076
0.4908738521234052	 2.356194490192345	 0.044399448863232056	 0.0006232142227153277
0.5890486225480862	 2.356194490192345	 0.061006285330158165	 0.000858529097215966
0.6872233929727672	 2.356194490192345	 0.07974743753967832	 0.0011209136653565813
0.7853981633974483	 2.356194490192345	 0.1000287463986216	 0.0014491634948996547
0.8835729338221293	 2.356194490192345	 0.12014779721008205	 0.0016136425400862314
0.9817477042468103	 2.356194490192345	 0.14399838160031656	 0.001949622835093583
1.0799224746714913	 2.356194490192345	 0.15929677032434686	 0.0022794380943807284
1.1780972450961724	 2.356194490192345	 0.18306681864215163	 0.0024802792865750447
1.2762720155208536	 2.356194490192345	 0.19148356679645143	 0.002690272875560967
1.3744467859455345	 2.356194490192345	 0.21625512263830615	 0.0030570167243287264
1.4726215563702154	 2.356194490192345	 0.22211889740980603	 0.0031065176823138287
1.5707963267948966	 2.356194490192345	 0.23240122434138358	 0.0031651177781583163
1.6689710972195777	 2.356194490192345	 0.24675875386510365	 0.0034055045146472087
1.7671458676442586	 2.356194490192345	 0.25097837822711555	 0.0033846550233725035
1.8653206380689396	 2.356194490192345	 0.257230436079755	 0.003449584332107958
1.9634954084936207	 2.356194490192345	 0.26074202400050056	 0.0036340718295597312
2.061670178918302	 2.356194490192345	 0.2677411817654013	 0.0037377732380414544
2.1598449493429825	 2.356194490192345	 0.26720392549362576	 0.0036092273277662174
2.2580197197676637	 2.356194490192345	 0.2697512154499128	 0.0037268886599687166
2.356194490192345	 2.356194490192345	 0.27201333211546913	 0.003797346487392083
2.454369260617026	 2.356194490192345	 0.27809341540205945	 0.0038101621064104522
2.552544031041707	 2.356194490192345	 0.27317136017548854	 0.0038012585180234666
2.650718801466388	 2.356194490192345	 0.2614390555119679	 0.003518338219423599
2.748893571891069	 2.356194490192345	 0.26110917929871286	 0.0036425797247171955
2.84706834231575	 2.356194490192345	 0.2609875879702466	 0.003687233943893316
2.945243112740431	 2.356194490192345	 0.2626344976977846	 0.003531332500560513
3.043417883165112	 2.356194490192345	 0.2575794302758533	 0.00365932921788514
3.141592653589793	 2.356194490192345	 0.25478315408490804	 0.003609008912043145

-3.141592653589793	 2.454369260617026	 0.26102419732873106	 0.003713255807887505
-3.043417883165112	 2.454369260617026	 0.2619833478354339	 0.003627782555443689
-2.945243112740431	 2.454369260617026	 0.27091539575294665	 0.003838570386444261
-2.84706834231575	 2.454369260617026	 0.2632056675470811	 0.003820942772928555
-2.748893571891069	 2.454369260617026	 0.27060766631805944	 0.0037722929985063826
-2.650718801466388	 2.454369260617026	 0.2750706829699013	 0.003985533685762977
-2.552544031041707	 2.454369260617026	 0.2755496129962022	 0.003894925574362398
-2.454369260617026	 2.454369260617026	 0.2746439669918501	 0.003817715217807676
-2.356194490192345	 2.454369260617026	 0.26691803873890985	 0.0037307300268954436
-2.2580197197676637	 2.454369260617026	 0.2717174540935127	 0.0039404622157466675
-2.1598449493429825	 2.454369260617026	 0.26954451541967617	 0.003813910104747518
-2.061670178918302	 2.454369260617026	 0.26636745898084463	 0.0037274432260372805
-1.9634954084936207	 2.454369260617026	 0.25702659540747097	 0.0035242361452073505
-1.8653206380689396	 2.454369260617026	 0.25810591706702407	 0.003708961363099254
-1.7671458676442586	 2.454369260617026	 0.2412532236143335	 0.0034221140934680098
-1.6689710972195777	 2.454369260617026	 0.2428830134070017	 0.0033475633280079893
-1.5707963267948966	 2.454369260617026	 0.2233907599532308	 0.0031093268967638493
-1.4726215563702154	 2.454369260617026	 0.21756131402454856	 0.0029915389987895027
-1.3744467859455345	 2.454369260617026	 0.19850552875202856	 0.002735689847938982
-1.2762720155208536	 2.454369260617026	 0.18763437822525988	 0.0026033648381458534
-1.1780972450961724	 2.454369260617026	 0.16791816110514418	 0.002257858707897758
-1.0799224746714913	 2.454369260617026	 0.15141665569002638	 0.002132134042079135
-0.9817477042468103	 2.454369260617026	 0.1295227892698279	 0.0017639177497481477
-0.8835729338221293	 2.454369260617026	 0.11463414513518044	 0.0015903559568456796
-0.7853981633974483	 2.454369260617026	 0.09100071516873895	 0.001276945714974053
-0.6872233929727672	 2.454369260617026	 0.07548976518529045	 0.0010513847992384437
-0.5890486225480862	 2.454369260617026	 0.05839773299420141	 0.0008002798751606291
-0.4908738521234052	 2.454369260617026	 0.04270855068645011	 0.0006097972455059858
-0.39269908169872414	 2.454369260617026	 0.027582337721367756	 0.0003919043487210881
-0.2945243112740431	 2.454369260617026	 0.015878949270919453	 0.00022180769393206638
-0.19634954084936207	 2.454369260617026	 0.007275947689114804	 0.00010165476843609302
-0.09817477042468103	 2.454369260617026	 0.0017928610231218122	 2.4951841671913042e-5
0.0	 2.454369260617026	 1.271277752936463e-5	 2.1520178209592802e-7
0.09817477042468103	 2.454369260617026	 0.0017928610231218122	 2.4951841671913042e-5
0.19634954084936207	 2.454369260617026	 0.007275947689114804	 0.00010165476843609302
0.2945243112740431	 2.454369260617026	 0.015878949270919453	 0.00022180769393206638
0.39269908169872414	 2.454369260617026	 0.027582337721367756	 0.0003919043487210881
0.4908738521234052	 2.454369260617026	 0.04270855068645011	 0.0006097972455059858
0.5890486225480862	 2.454369260617026	 0.05839773299420141	 0.0008002798751606291
0.6872233929727672	 2.454369260617026	 0.07548976518529045	 0.0010513847992384437
0.7853981633974483	 2.454369260617026	 0.09100071516873895	 0.001276945714974053
0.8835729338221293	 2.454369260617026	 0.11463414513518044	 0.0015903559568456796
0.9817477042468103	 2.454369260617026	 0.1295227892698279	 0.0017639177497481477
1.0799224746714913	 2.454369260617026	 0.15141665569002638	 0.002132134042079135
1.1780972450961724	 2.454369260617026	 0.16791816110514418	 0.002257858707897758
1.2762720155208536	 2.454369260617026	 0.18763437822525988	 0.0026033648381458534
1.3744467859455345	 2.454369260617026	 0.19850552875202856	 0.002735689847938982
1.4726215563702154	 2.454369260617026	 0.21756131402454856	 0.0029915389987895027
1.5707963267948966	 2.454369260617026	 0.2233907599532308	 0.0031093268967638493
1.6689710972195777	 2.454369260617026	 0.2428830134070017	 0.0033475633280079893
1.7671458676442586	 2.454369260617026	 0.2412532236143335	 0.0034221140934680098
1.8653206380689396	 2.454369260617026	 0.25810591706702407	 0.003708961363099254
1.9634954084936207	 2.454369260617026	 0.25702659540747097	 0.0035242361452073505
2.061670178918302	 2.454369260617026	 0.26636745898084463	 0.0037274432260372805
2.1598449493429825	 2.454369260617026	 0.26954451541967617	 0.003813910104747518
2.2580197197676637	 2.454369260617026	 0.2717174540935127	 0.0039404622157466675
2.356194490192345	 2.454369260617026	 0.26691803873890985	 0.0037307300268954436
2.454369260617026	 2.454369260617026	 0.2746439669918501	 0.003817715217807676
2.552544031041707	 2.454369260617026	 0.2755496129962022	 0.003894925574362398
2.650718801466388	 2.454369260617026	 0.2750706829699013	 0.003985533685762977
2.748893571891069	 2.454369260617026	 0.27060766631805944	 0.0037722929985063826
2.84706834231575	 2.454369260617026	 0.2632056675470811	 0.003820942772928555
2.945243112740431	 2.454369260617026	 0.27091539575294665	 0.003838570386444261
3.043417883165112	 2.454369260617026	 0.2619833478354339	 0.003627782555443689
3.141592653589793	 2.454369260617026	 0.26102419732873106	 0.003713255807887505

-3.141592653589793	 2.552544031041707	 0.26136001677102405	 0.0036442341078859416
-3.043417883165112	 2.552544031041707	 0.2688036357060526	 0.003775756857564377
-2.945243112740431	 2.552544031041707	 0.27187693542032665	 0.003675462790859894
-2.84706834231575	 2.552544031041707	 0.2743962789080875	 0.003768438835858616
-2.748893571891069	 2.552544031041707	 0.2742259758984049	 0.0039014080275785817
-2.650718801466388	 2.552544031041707	 0.2751529956677475	 0.003915745734862371
-2.552544031041707	 2.552544031041707	 0.2744136184402984	 0.003864909930834951
-2.454369260617026	 2.552544031041707	 0.2715452314136354	 0.0037306336152402005
-2.356194490192345	 2.552544031041707	 0.2677718192715224	 0.0037783635584250014
-2.2580197197676637	 2.552544031041707	 0.26779137233912	 0.0037727132698366366
-2.1598449493429825	 2.552544031041707	 0.2676331378981989	 0.003723101629166543
-2.061670178918302	 2.552544031041707	 0.2577871242509951	 0.0036769767122381922
-1.9634954084936207	 2.552544031041707	 0.2521661793566099	 0.003431846147253327
-1.8653206380689396	 2.552544031041707	 0.2523672085477976	 0.0035587374745430916
-1.7671458676442586	 2.552544031041707	 0.23668202089967752	 0.00340045478399212
-1.6689710972195777	 2.552544031041707	 0.22968395849036582	 0.003197691106974694
-1.5707963267948966	 2.552544031041707	 0.22436791662033173	 0.0031669429592805654
-1.4726215563702154	 2.552544031041707	 0.21119730463045525	 0.0030732065966595358
-1.3744467859455345	 2.552544031041707	 0.19312170425690992	 0.002613734221347297
-1.2762720155208536	 2.552544031041707	 0.17580604162568725	 0.0024281881089149877
-1.1780972450961724	 2.552544031041707	 0.15870238446713827	 0.0022483395942141152
-1.0799224746714913	 2.552544031041707	 0.1421559602048159	 0.0019233982784890868
-0.9817477042468103	 2.552544031041707	 0.12494149637824976	 0.0017859323669788556
-0.8835729338221293	 2.552544031041707	 0.10853819001100876	 0.0015162108139041425
-0.7853981633974483	 2.552544031041707	 0.08678257947877045	 0.0012158400791925984
-0.6872233929727672	 2.552544031041707	 0.06895253310989759	 0.0009553662289472795
-0.5890486225480862	 2.552544031041707	 0.053948952226360904	 0.0007427740434673145
-0.4908738521234052	 2.552544031041707	 0.03864670911834765	 0.0005238998243791776
-0.39269908169872414	 2.552544031041707	 0.025321811403902206	 0.00035642693622793764
-0.2945243112740431	 2.552544031041707	 0.014649031976284825	 0.00020019804313548548
-0.19634954084936207	 2.552544031041707	 0.006553890126661954	 9.220510619519035e-5
-0.09817477042468103	 2.552544031041707	 0.00165593514656917	 2.319212037374957e-5
0.0	 2.552544031041707	 1.1562418943118968e-5	 1.8942678314051676e-7
0.09817477042468103	 2.552544031041707	 0.00165593514656917	 2.319212037374957e-5
0.19634954084936207	 2.552544031041707	 0.006553890126661954	 9.220510619519035e-5
0.2945243112740431	 2.552544031041707	 0.014649031976284825	 0.00020019804313548548
0.39269908169872414	 2.552544031041707	 0.025321811403902206	 0.00035642693622793764
0.4908738521234052	 2.552544031041707	 0.03864670911834765	 0.0005238998243791776
0.5890486225480862	 2.552544031041707	 0.053948952226360904	 0.0007427740434673145
0.6872233929727672	 2.552544031041707	 0.06895253310989759	 0.0009553662289472795
0.7853981633974483	 2.552544031041707	 0.08678257947877045	 0.0012158400791925984
0.8835729338221293	 2.552544031041707	 0.10853819001100876	 0.0015162108139041425
0.9817477042468103	 2.552544031041707	 0.12494149637824976	 0.0017859323669788556
1.0799224746714913	 2.552544031041707	 0.1421559602048159	 0.0019233982784890868
1.1780972450961724	 2.552544031041707	 0.15870238446713827	 0.0022483395942141152
1.2762720155208536	 2.552544031041707	 0.17580604162568725	 0.0024281881089149877
1.3744467859455345	 2.552544031041707	 0.19312170425690992	 0.002613734221347297
1.4726215563702154	 2.552544031041707	 0.21119730463045525	 0.0030732065966595358
1.5707963267948966	 2.552544031041707	 0.22436791662033173	 0.0031669429592805654
1.6689710972195777	 2.552544031041707	 0.22968395849036582	 0.003197691106974694
1.7671458676442586	 2.552544031041707	 0.23668202089967752	 0.00340045478399212
1.8653206380689396	 2.552544031041707	 0.2523672085477976	 0.0035587374745430916
1.9634954084936207	 2.552544031041707	 0.2521661793566099	 0.003431846147253327
2.061670178918302	 2.552544031041707	 0.2577871242509951	 0.0036769767122381922
2.1598449493429825	 2.552544031041707	 0.2676331378981989	 0.003723101629166543
2.2580197197676637	 2.552544031041707	 0.26779137233912	 0.0037727132698366366
2.356194490192345	 2.552544031041707	 0.2677718192715224	 0.0037783635584250014
2.454369260617026	 2.552544031041707	 0.2715452314136354	 0.0037306336152402005
2.552544031041707	 2.552544031041707	 0.2744136184402984	 0.003864909930834951
2.650718801466388	 2.552544031041707	 0.2751529956677475	 0.003915745734862371
2.748893571891069	 2.552544031041707	 0.2742259758984049	 0.0039014080275785817
2.84706834231575	 2.552544031041707	 0.2743962789080875	 0.003768438835858616
2.945243112740431	 2.552544031041707	 0.27187693542032665	 0.003675462790859894
3.043417883165112	 2.552544031041707	 0.2688036357060526	 0.003775756857564377
3.141592653589793	 2.552544031041707	 0.26136001677102405	 0.0036442341078859416

-3.141592653589793	 2.650718801466388	 0.2662964561612088	 0.0037905672028714097
-3.043417883165112	 2.650718801466388	 0.2669311006364401	 0.0037457571944512144
-2.945243112740431	 2.650718801466388	 0.2738066716314692	 0.00380513205160579
-2.84706834231575	 2.650718801466388	 0.27805370226910486	 0.003961153588463351
-2.748893571891069	 2.650718801466388	 0.27237562784511776	 0.003646258097518706
-2.650718801466388	 2.650718801466388	 0.2743823169079126	 0.003983987944556711
-2.552544031041707	 2.650718801466388	 0.271471784813403	 0.0038349312415069717
-2.454369260617026	 2.650718801466388	 0.2678621673706839	 0.0037789599595077117
-2.356194490192345	 2.650718801466388	 0.2697683288312374	 0.0038015457091158792
-2.2580197197676637	 2.650718801466388	 0.2642887833882722	 0.0038320437734257343
-2.1598449493429825	 2.650718801466388	 0.25903217739698237	 0.003443080865023933
-2.061670178918302	 2.650718801466388	 0.2611900088389802	 0.003613114605381462
-1.9634954084936207	 2.650718801466388	 0.25097419769949053	 0.0034910223525930493
-1.8653206380689396	 2.650718801466388	 0.24312895854342023	 0.0035151207387496518
-1.7671458676442586	 2.650718801466388	 0.23075902479435392	 0.003296378298314692
-1.6689710972195777	 2.650718801466388	 0.22396907777405461	 0.003041929967582056
-1.5707963267948966	 2.650718801466388	 0.211697502165211	 0.0029915660124267664
-1.4726215563702154	 2.650718801466388	 0.19947890128463083	 0.002664516737425022
-1.3744467859455345	 2.650718801466388	 0.18386714182953584	 0.0026279374000774468
-1.2762720155208536	 2.650718801466388	 0.16840707225762316	 0.002351472736771102
-1.1780972450961724	 2.650718801466388	 0.1489933676826332	 0.00201130283777796
-1.0799224746714913	 2.650718801466388	 0.1374807678359876	 0.0018918077306672736
-0.9817477042468103	 2.650718801466388	 0.11884551766179861	 0.0016141651347882607
-0.8835729338221293	 2.650718801466388	 0.09981779709757234	 0.0013636027595515625
-0.7853981633974483	 2.650718801466388	 0.08075684129268834	 0.0011034412670859648
-0.6872233929727672	 2.650718801466388	 0.06459359925695543	 0.0008878246808574168
-0.5890486225480862	 2.650718801466388	 0.04911354239236056	 0.0006741227571699683
-0.4908738521234052	 2.650718801466388	 0.03550088611678707	 0.00048608367266792955
-0.39269908169872414	 2.650718801466388	 0.023027842924475787	 0.0003227734675528588
-0.2945243112740431	 2.650718801466388	 0.013931581528049502	 0.00019697639226976625
-0.19634954084936207	 2.650718801466388	 0.006061087257305038	 8.353890288251329e-5
-0.09817477042468103	 2.650718801466388	 0.0015239970835519202	 2.163155367917618e-5
0.0	 2.650718801466388	 1.0702698021167734e-5	 1.7561372250327606e-7
0.09817477042468103	 2.650718801466388	 0.0015239970835519202	 2.163155367917618e-5
0.19634954084936207	 2.650718801466388	 0.006061087257305038	 8.353890288251329e-5
0.2945243112740431	 2.650718801466388	 0.013931581528049502	 0.00019697639226976625
0.39269908169872414	 2.650718801466388	 0.023027842924475787	 0.0003227734675528588
0.4908738521234052	 2.650718801466388	 0.03550088611678707	 0.00048608367266792955
0.5890486225480862	 2.650718801466388	 0.04911354239236056	 0.0006741227571699683
0.6872233929727672	 2.650718801466388	 0.06459359925695543	 0.0008878246808574168
0.7853981633974483	 2.650718801466388	 0.08075684129268834	 0.0011034412670859648
0.8835729338221293	 2.650718801466388	 0.09981779709757234	 0.0013636027595515625
0.9817477042468103	 2.650718801466388	 0.11884551766179861	 0.0016141651347882607
1.0799224746714913	 2.650718801466388	 0.1374807678359876	 0.0018918077306672736
1.1780972450961724	 2.650718801466388	 0.1489933676826332	 0.00201130283777796
1.2762720155208536	 2.650718801466388	 0.16840707225762316	 0.002351472736771102
1.3744467859455345	 2.650718801466388	 0.18386714182953584	 0.0026279374000774468
1.4726215563702154	 2.650718801466388	 0.19947890128463083	 0.002664516737425022
1.5707963267948966	 2.650718801466388	 0.211697502165211	 0.0029915660124267664
1.6689710972195777	 2.650718801466388	 0.22396907777405461	 0.003041929967582056
1.7671458676442586	 2.650718801466388	 0.23075902479435392	 0.003296378298314692
1.8653206380689396	 2.650718801466388	 0.24312895854342023	 0.0035151207387496518
1.9634954084936207	 2.650718801466388	 0.25097419769949053	 0.0034910223525930493
2.061670178918302	 2.650718801466388	 0.2611900088389802	 0.003613114605381462
2.1598449493429825	 2.650718801466388	 0.25903217739698237	 0.003443080865023933
2.2580197197676637	 2.650718801466388	 0.2642887833882722	 0.0038320437734257343
2.356194490192345	 2.650718801466388	 0.2697683288312374	 0.0038015457091158792
2.454369260617026	 2.650718801466388	 0.2678621673706839	 0.0037789599595077117
2.552544031041707	 2.650718801466388	 0.271471784813403	 0.0038349312415069717
2.650718801466388	 2.650718801466388	 0.2743823169079126	 0.003983987944556711
2.748893571891069	 2.650718801466388	 0.27237562784511776	 0.003646258097518706
2.84706834231575	 2.650718801466388	 0.27805370226910486	 0.003961153588463351
2.945243112740431	 2.650718801466388	 0.2738066716314692	 0.00380513205160579
3.043417883165112	 2.650718801466388	 0.2669311006364401	 0.0037457571944512144
3.141592653589793	 2.650718801466388	 0.2662964561612088	 0.0037905672028714097

-3.141592653589793	 2.748893571891069	 0.2669034419921146	 0.0037282730814450263
-3.043417883165112	 2.748893571891069	 0.27242050518567684	 0.0036859724269255817
-2.945243112740431	 2.748893571891069	 0.2748044730537862	 0.003913139057770356
-2.84706834231575	 2.748893571891069	 0.2792513146947361	 0.0038377438020794088
-2.748893571891069	 2.748893571891069	 0.2759942186612054	 0.0039069248427108195
-2.650718801466388	 2.748893571891069	 0.27601798491681695	 0.003789249188947896
-2.552544031041707	 2.748893571891069	 0.270047751012057	 0.003824959739395709
-2.454369260617026	 2.748893571891069	 0.2680318628875514	 0.00392197765258355
-2.356194490192345	 2.748893571891069	 0.2732108952785245	 0.0038487823975521915
-2.2580197197676637	 2.748893571891069	 0.26305627819162053	 0.0035955110242905804
-2.1598449493429825	 2.748893571891069	 0.2531223364781744	 0.003705228188955272
-2.061670178918302	 2.748893571891069	 0.2508051821722745	 0.003654854721643748
-1.9634954084936207	 2.748893571891069	 0.24433143120850148	 0.003374172676874566
-1.8653206380689396	 2.748893571891069	 0.24266476492717315	 0.003311512226935416
-1.7671458676442586	 2.748893571891069	 0.22668281572904866	 0.0031115922186618237
-1.6689710972195777	 2.748893571891069	 0.21314428506289856	 0.0030987460455324353
-1.5707963267948966	 2.748893571891069	 0.2017838929122604	 0.0028734462596882344
-1.4726215563702154	 2.748893571891069	 0.18809131181603755	 0.0026601334795531718
-1.3744467859455345	 2.748893571891069	 0.17888232667660497	 0.002540195203982093
-1.2762720155208536	 2.748893571891069	 0.16204546166778672	 0.0022330691785861206
-1.1780972450961724	 2.748893571891069	 0.1452937669326001	 0.0020303548270499076
-1.0799224746714913	 2.748893571891069	 0.1255720921545102	 0.0017351329213233886
-0.9817477042468103	 2.748893571891069	 0.11144321195670637	 0.001580596953864095
-0.8835729338221293	 2.748893571891069	 0.09264436539876535	 0.0012858244236701934
-0.7853981633974483	 2.748893571891069	 0.0764375063645519	 0.001046235672477236
-0.6872233929727672	 2.748893571891069	 0.0598316710332989	 0.0008073198700317508
-0.5890486225480862	 2.748893571891069	 0.047070054903737335	 0.0006454756817417225
-0.4908738521234052	 2.748893571891069	 0.033120758757195154	 0.00048026102425463617
-0.39269908169872414	 2.748893571891069	 0.021392742208081194	 0.0002923353730941841
-0.2945243112740431	 2.748893571891069	 0.012236965910654936	 0.0001658745757158462
-0.19634954084936207	 2.748893571891069	 0.005631571846552102	 8.032437246169938e-5
-0.09817477042468103	 2.748893571891069	 0.001419696933173861	 2.085231079028926e-5
0.0	 2.748893571891069	 9.727000738689131e-6	 1.6094048016115895e-7
0.09817477042468103	 2.748893571891069	 0.001419696933173861	 2.085231079028926e-5
0.19634954084936207	 2.748893571891069	 0.005631571846552102	 8.032437246169938e-5
0.2945243112740431	 2.748893571891069	 0.012236965910654936	 0.0001658745757158462
0.39269908169872414	 2.748893571891069	 0.021392742208081194	 0.0002923353730941841
0.4908738521234052	 2.748893571891069	 0.033120758757195154	 0.00048026102425463617
0.5890486225480862	 2.748893571891069	 0.047070054903737335	 0.0006454756817417225
0.6872233929727672	 2.748893571891069	 0.0598316710332989	 0.0008073198700317508
0.7853981633974483	 2.748893571891069	 0.0764375063645519	 0.001046235672477236
0.8835729338221293	 2.748893571891069	 0.09264436539876535	 0.0012858244236701934
0.9817477042468103	 2.748893571891069	 0.11144321195670637	 0.001580596953864095
1.0799224746714913	 2.748893571891069	 0.1255720921545102	 0.0017351329213233886
1.1780972450961724	 2.748893571891069	 0.1452937669326001	 0.0020303548270499076
1.2762720155208536	 2.748893571891069	 0.16204546166778672	 0.0022330691785861206
1.3744467859455345	 2.748893571891069	 0.17888232667660497	 0.002540195203982093
1.4726215563702154	 2.748893571891069	 0.18809131181603755	 0.0026601334795531718
1.5707963267948966	 2.748893571891069	 0.2017838929122604	 0.0028734462596882344
1.6689710972195777	 2.748893571891069	 0.21314428506289856	 0.0030987460455324353
1.7671458676442586	 2.748893571891069	 0.22668281572904866	 0.0031115922186618237
1.8653206380689396	 2.748893571891069	 0.24266476492717315	 0.003311512226935416
1.9634954084936207	 2.748893571891069	 0.24433143120850148	 0.003374172676874566
2.061670178918302	 2.748893571891069	 0.2508051821722745	 0.003654854721643748
2.1598449493429825	 2.748893571891069	 0.2531223364781744	 0.003705228188955272
2.2580197197676637	 2.748893571891069	 0.26305627819162053	 0.0035955110242905804
2.356194490192345	 2.748893571891069	 0.2732108952785245	 0.0038487823975521915
2.454369260617026	 2.748893571891069	 0.2680318628875514	 0.00392197765258355
2.552544031041707	 2.748893571891069	 0.270047751012057	 0.003824959739395709
2.650718801466388	 2.748893571891069	 0.27601798491681695	 0.003789249188947896
2.748893571891069	 2.748893571891069	 0.2759942186612054	 0.0039069248427108195
2.84706834231575	 2.748893571891069	 0.2792513146947361	 0.0038377438020794088
2.945243112740431	 2.748893571891069	 0.2748044730537862	 0.003913139057770356
3.043417883165112	 2.748893571891069	 0.27242050518567684	 0.0036859724269255817
3.141592653589793	 2.748893571891069	 0.2669034419921146	 0.0037282730814450263

-3.141592653589793	 2.84706834231575	 0.2784971661097106	 0.003944266198572107
-3.043417883165112	 2.84706834231575	 0.2771781372903865	 0.0037383273075157824
-2.945243112740431	 2.84706834231575	 0.2730236591302371	 0.003923575000802554
-2.84706834231575	 2.84706834231575	 0.276254258068395	 0.0038497490036568317
-2.748893571891069	 2.84706834231575	 0.2750316520464496	 0.0037774814642376714
-2.650718801466388	 2.84706834231575	 0.2736967458360161	 0.003919266979823317
-2.552544031041707	 2.84706834231575	 0.2752976976269445	 0.003955787969020218
-2.454369260617026	 2.84706834231575	 0.273890483697985	 0.0038907390288377935
-2.356194490192345	 2.84706834231575	 0.2676493359737929	 0.0036351529218680598
-2.2580197197676637	 2.84706834231575	 0.2582951580245167	 0.003437801646136639
-2.1598449493429825	 2.84706834231575	 0.24697499677397455	 0.0033929662732065844
-2.061670178918302	 2.84706834231575	 0.24397156894800232	 0.0035164566910831797
-1.9634954084936207	 2.84706834231575	 0.23641968916708606	 0.0032929288106829198
-1.8653206380689396	 2.84706834231575	 0.23733990993872547	 0.003340485247359281
-1.7671458676442586	 2.84706834231575	 0.21623248637021716	 0.002992236029789594
-1.6689710972195777	 2.84706834231575	 0.20884916983529206	 0.002787927665517024
-1.5707963267948966	 2.84706834231575	 0.19587102969496778	 0.0028866472628219955
-1.4726215563702154	 2.84706834231575	 0.17894337447821437	 0.002362706270304073
-1.3744467859455345	 2.84706834231575	 0.16897630464640465	 0.0024528447667514866
-1.2762720155208536	 2.84706834231575	 0.15137027324899005	 0.002077305081976005
-1.1780972450961724	 2.84706834231575	 0.1328806179344786	 0.001908309866193857
-1.0799224746714913	 2.84706834231575	 0.1197516176169358	 0.0017404077527827797
-0.9817477042468103	 2.84706834231575	 0.10598293633476687	 0.0014767078707711076
-0.8835729338221293	 2.84706834231575	 0.08479277737365654	 0.0011620511207404377
-0.7853981633974483	 2.84706834231575	 0.07236327211139877	 0.0010017944419437423
-0.6872233929727672	 2.84706834231575	 0.05734025881230127	 0.0008007020058775787
-0.5890486225480862	 2.84706834231575	 0.04339293446967583	 0.0006224981556927702
-0.4908738521234052	 2.84706834231575	 0.030610453750203288	 0.0004395631935209936
-0.39269908169872414	 2.84706834231575	 0.02045495215467143	 0.00027922887964616387
-0.2945243112740431	 2.84706834231575	 0.01169960712886882	 0.00016386839659854536
-0.19634954084936207	 2.84706834231575	 0.005284548771128388	 7.35120530023573e-5
-0.09817477042468103	 2.84706834231575	 0.0013638337194600662	 1.901974995378461e-5
0.0	 2.84706834231575	 9.134647465746168e-6	 1.5311674881941832e-7
0.09817477042468103	 2.84706834231575	 0.0013638337194600662	 1.901974995378461e-5
0.19634954084936207	 2.84706834231575	 0.005284548771128388	 7.35120530023573e-5
0.2945243112740431	 2.84706834231575	 0.01169960712886882	 0.00016386839659854536
0.39269908169872414	 2.84706834231575	 0.02045495215467143	 0.00027922887964616387
0.4908738521234052	 2.84706834231575	 0.030610453750203288	 0.0004395631935209936
0.5890486225480862	 2.84706834231575	 0.04339293446967583	 0.0006224981556927702
0.6872233929727672	 2.84706834231575	 0.05734025881230127	 0.0008007020058775787
0.7853981633974483	 2.84706834231575	 0.07236327211139877	 0.0010017944419437423
0.8835729338221293	 2.84706834231575	 0.08479277737365654	 0.0011620511207404377
0.9817477042468103	 2.84706834231575	 0.10598293633476687	 0.0014767078707711076
1.0799224746714913	 2.84706834231575	 0.1197516176169358	 0.0017404077527827797
1.1780972450961724	 2.84706834231575	 0.1328806179344786	 0.001908309866193857
1.2762720155208536	 2.84706834231575	 0.15137027324899005	 0.002077305081976005
1.3744467859455345	 2.84706834231575	 0.16897630464640465	 0.0024528447667514866
1.4726215563702154	 2.84706834231575	 0.17894337447821437	 0.002362706270304073
1.5707963267948966	 2.84706834231575	 0.19587102969496778	 0.0028866472628219955
1.6689710972195777	 2.84706834231575	 0.20884916983529206	 0.002787927665517024
1.7671458676442586	 2.84706834231575	 0.21623248637021716	 0.002992236029789594
1.8653206380689396	 2.84706834231575	 0.23733990993872547	 0.003340485247359281
1.9634954084936207	 2.84706834231575	 0.23641968916708606	 0.0032929288106829198
2.061670178918302	 2.84706834231575	 0.24397156894800232	 0.0035164566910831797
2.1598449493429825	 2.84706834231575	 0.24697499677397455	 0.0033929662732065844
2.2580197197676637	 2.84706834231575	 0.2582951580245167	 0.003437801646136639
2.356194490192345	 2.84706834231575	 0.2676493359737929	 0.0036351529218680598
2.454369260617026	 2.84706834231575	 0.273890483697985	 0.0038907390288377935
2.552544031041707	 2.84706834231575	 0.2752976976269445	 0.003955787969020218
2.650718801466388	 2.84706834231575	 0.2736967458360161	 0.003919266979823317
2.748893571891069	 2.84706834231575	 0.2750316520464496	 0.0037774814642376714
2.84706834231575	 2.84706834231575	 0.276254258068395	 0.0038497490036568317
2.945243112740431	 2.84706834231575	 0.2730236591302371	 0.003923575000802554
3.043417883165112	 2.84706834231575	 0.2771781372903865	 0.0037383273075157824
3.141592653589793	 2.84706834231575	 0.2784971661097106	 0.003944266198572107

-3.141592653589793	 2.945243112740431	 0.2842719769650061	 0.0040138420307066144
-3.043417883165112	 2.945243112740431	 0.2772400233068356	 0.003912664509050407
-2.945243112740431	 2.945243112740431	 0.2857715051429749	 0.0038974834532688094
-2.84706834231575	 2.945243112740431	 0.2792527976175243	 0.0038133784990788703
-2.748893571891069	 2.945243112740431	 0.2813268591516777	 0.003961285399619487
-2.650718801466388	 2.945243112740431	 0.27332648806507914	 0.0038305814036679008
-2.552544031041707	 2.945243112740431	 0.2676144151194865	 0.003708644810983181
-2.454369260617026	 2.945243112740431	 0.26993514339090513	 0.0036787920507451648
-2.356194490192345	 2.945243112740431	 0.2605238771338591	 0.0037358128615141892
-2.2580197197676637	 2.945243112740431	 0.2549777823201051	 0.003617852293429345
-2.1598449493429825	 2.945243112740431	 0.25322229903864635	 0.0035593636424811237
-2.061670178918302	 2.945243112740431	 0.23924230227756765	 0.0032917609159144653
-1.9634954084936207	 2.945243112740431	 0.2330090001874791	 0.00319711202773703
-1.8653206380689396	 2.945243112740431	 0.21836357490924893	 0.0031095840872246133
-1.7671458676442586	 2.945243112740431	 0.21699359726174497	 0.0029620885867967647
-1.6689710972195777	 2.945243112740431	 0.19905930246188844	 0.002731641092659127
-1.5707963267948966	 2.945243112740431	 0.191468012935868	 0.0026883822583009245
-1.4726215563702154	 2.945243112740431	 0.1757379238764773	 0.002469971534668703
-1.3744467859455345	 2.945243112740431	 0.15833691274480585	 0.002258438155227518
-1.2762720155208536	 2.945243112740431	 0.14590921695770967	 0.002068052886253089
-1.1780972450961724	 2.945243112740431	 0.12910607378415134	 0.0017938968134343352
-1.0799224746714913	 2.945243112740431	 0.11235673556182309	 0.0015495429535538185
-0.9817477042468103	 2.945243112740431	 0.09846642022767586	 0.0013676779117512653
-0.8835729338221293	 2.945243112740431	 0.08452420566179226	 0.0012064044204751036
-0.7853981633974483	 2.945243112740431	 0.06727739866761803	 0.000926133808548093
-0.6872233929727672	 2.945243112740431	 0.05294138145796692	 0.0007210174284728832
-0.5890486225480862	 2.945243112740431	 0.04114126280669697	 0.0005621791122011339
-0.4908738521234052	 2.945243112740431	 0.0291771976880133	 0.00040490928516239317
-0.39269908169872414	 2.945243112740431	 0.01888240360462284	 0.00027519880757889226
-0.2945243112740431	 2.945243112740431	 0.010677335263556572	 0.00015168900247072834
-0.19634954084936207	 2.945243112740431	 0.004783357646235997	 6.596813644317957e-5
-0.09817477042468103	 2.945243112740431	 0.001197996322375961	 1.6657904789848536e-5
0.0	 2.945243112740431	 8.646677526396435e-6	 1.4023414974777794e-7
0.09817477042468103	 2.945243112740431	 0.001197996322375961	 1.6657904789848536e-5
0.19634954084936207	 2.945243112740431	 0.004783357646235997	 6.596813644317957e-5
0.2945243112740431	 2.945243112740431	 0.010677335263556572	 0.00015168900247072834
0.39269908169872414	 2.945243112740431	 0.01888240360462284	 0.00027519880757889226
0.4908738521234052	 2.945243112740431	 0.0291771976880133	 0.00040490928516239317
0.5890486225480862	 2.945243112740431	 0.04114126280669697	 0.0005621791122011339
0.6872233929727672	 2.945243112740431	 0.05294138145796692	 0.0007210174284728832
0.7853981633974483	 2.945243112740431	 0.06727739866761803	 0.000926133808548093
0.8835729338221293	 2.945243112740431	 0.08452420566179226	 0.0012064044204751036
0.9817477042468103	 2.945243112740431	 0.09846642022767586	 0.0013676779117512653
1.0799224746714913	 2.945243112740431	 0.11235673556182309	 0.0015495429535538185
1.1780972450961724	 2.945243112740431	 0.12910607378415134	 0.0017938968134343352
1.2762720155208536	 2.945243112740431	 0.14590921695770967	 0.002068052886253089
1.3744467859455345	 2.945243112740431	 0.15833691274480585	 0.002258438155227518
1.4726215563702154	 2.945243112740431	 0.1757379238764773	 0.002469971534668703
1.5707963267948966	 2.945243112740431	 0.191468012935868	 0.0026883822583009245
1.6689710972195777	 2.945243112740431	 0.19905930246188844	 0.002731641092659127
1.7671458676442586	 2.945243112740431	 0.21699359726174497	 0.0029620885867967647
1.8653206380689396	 2.945243112740431	 0.21836357490924893	 0.0031095840872246133
1.9634954084936207	 2.945243112740431	 0.2330090001874791	 0.00319711202773703
2.061670178918302	 2.945243112740431	 0.23924230227756765	 0.0032917609159144653
2.1598449493429825	 2.945243112740431	 0.25322229903864635	 0.0035593636424811237
2.2580197197676637	 2.945243112740431	 0.2549777823201051	 0.003617852293429345
2.356194490192345	 2.945243112740431	 0.2605238771338591	 0.0037358128615141892
2.454369260617026	 2.945243112740431	 0.26993514339090513	 0.0036787920507451648
2.552544031041707	 2.945243112740431	 0.2676144151194865	 0.003708644810983181
2.650718801466388	 2.945243112740431	 0.27332648806507914	 0.0038305814036679008
2.748893571891069	 2.945243112740431	 0.2813268591516777	 0.003961285399619487
2.84706834231575	 2.945243112740431	 0.2792527976175243	 0.0038133784990788703
2.945243112740431	 2.945243112740431	 0.2857715051429749	 0.0038974834532688094
3.043417883165112	 2.945243112740431	 0.2772400233068356	 0.003912664509050407
3.141592653589793	 2.945243112740431	 0.2842719769650061	 0.0040138420307066144

-3.141592653589793	 3.043417883165112	 0.27760926788520435	 0.003923220859172588
-3.043417883165112	 3.043417883165112	 0.27845289768740145	 0.003913154767458139
-2.945243112740431	 3.043417883165112	 0.27697069046141093	 0.003797895921558109
-2.84706834231575	 3.043417883165112	 0.27062533560552676	 0.0037892099510196584
-2.748893571891069	 3.043417883165112	 0.2752844933396462	 0.0037292470198702593
-2.650718801466388	 3.043417883165112	 0.27112350786591183	 0.0037484817308465735
-2.552544031041707	 3.043417883165112	 0.2687517323851893	 0.0036963869609395227
-2.454369260617026	 3.043417883165112	 0.2673723364379898	 0.0037459285019995387
-2.356194490192345	 3.043417883165112	 0.2595083083871132	 0.003584631277079679
-2.2580197197676637	 3.043417883165112	 0.24893721228778484	 0.0034878678957836282
-2.1598449493429825	 3.043417883165112	 0.24524447704258379	 0.003617676326150244
-2.061670178918302	 3.043417883165112	 0.23686582579725	 0.0031394702815573067
-1.9634954084936207	 3.043417883165112	 0.22743757963201874	 0.003324413034005495
-1.8653206380689396	 3.043417883165112	 0.22081159829659047	 0.0032333493455809436
-1.7671458676442586	 3.043417883165112	 0.2061674011666587	 0.0028444693231418996
-1.6689710972195777	 3.043417883165112	 0.19063214661105185	 0.002628845564157192
-1.5707963267948966	 3.043417883165112	 0.17962699123113857	 0.0024680933501859156
-1.4726215563702154	 3.043417883165112	 0.16903073806757007	 0.002313549499053932
-1.3744467859455345	 3.043417883165112	 0.1583718222866234	 0.0022105616476942734
-1.2762720155208536	 3.043417883165112	 0.1393805758211037	 0.001923821136316673
-1.1780972450961724	 3.043417883165112	 0.12412779442133981	 0.0017566513988982282
-1.0799224746714913	 3.043417883165112	 0.10883595614213723	 0.0014717343251957338
-0.9817477042468103	 3.043417883165112	 0.09259125051073536	 0.0012772959292137816
-0.8835729338221293	 3.043417883165112	 0.08030782863653235	 0.001108443604020994
-0.7853981633974483	 3.043417883165112	 0.06242720665880383	 0.000871942080036029
-0.6872233929727672	 3.043417883165112	 0.04963418854608688	 0.0006969638440359882
-0.5890486225480862	 3.043417883165112	 0.03741186453798501	 0.0005348476935645134
-0.4908738521234052	 3.043417883165112	 0.027138590288995124	 0.000372234420309874
-0.39269908169872414	 3.043417883165112	 0.01787340515720794	 0.000258437412804228
-0.2945243112740431	 3.043417883165112	 0.010383044603087335	 0.00014756159076697922
-0.19634954084936207	 3.043417883165112	 0.0046074010331301615	 6.65080975576928e-5
-0.09817477042468103	 3.043417883165112	 0.0011695370152628379	 1.6580107750763926e-5
0.0	 3.043417883165112	 8.054323320019601e-6	 1.3553303389883638e-7
0.09817477042468103	 3.043417883165112	 0.0011695370152628379	 1.6580107750763926e-5
0.19634954084936207	 3.043417883165112	 0.0046074010331301615	 6.65080975576928e-5
0.2945243112740431	 3.043417883165112	 0.010383044603087335	 0.00014756159076697922
0.39269908169872414	 3.043417883165112	 0.01787340515720794	 0.000258437412804228
0.4908738521234052	 3.043417883165112	 0.027138590288995124	 0.000372234420309874
0.5890486225480862	 3.043417883165112	 0.03741186453798501	 0.0005348476935645134
0.6872233929727672	 3.043417883165112	 0.04963418854608688	 0.0006969638440359882
0.7853981633974483	 3.043417883165112	 0.06242720665880383	 0.000871942080036029
0.8835729338221293	 3.043417883165112	 0.08030782863653235	 0.001108443604020994
0.9817477042468103	 3.043417883165112	 0.09259125051073536	 0.0012772959292137816
1.0799224746714913	 3.043417883165112	 0.10883595614213723	 0.0014717343251957338
1.1780972450961724	 3.043417883165112	 0.12412779442133981	 0.0017566513988982282
1.2762720155208536	 3.043417883165112	 0.1393805758211037	 0.001923821136316673
1.3744467859455345	 3.043417883165112	 0.1583718222866234	 0.0022105616476942734
1.4726215563702154	 3.043417883165112	 0.16903073806757007	 0.002313549499053932
1.5707963267948966	 3.043417883165112	 0.17962699123113857	 0.0024680933501859156
1.6689710972195777	 3.043417883165112	 0.19063214661105185	 0.002628845564157192
1.7671458676442586	 3.043417883165112	 0.2061674011666587	 0.0028444693231418996
1.8653206380689396	 3.043417883165112	 0.22081159829659047	 0.0032333493455809436
1.9634954084936207	 3.043417883165112	 0.22743757963201874	 0.003324413034005495
2.061670178918302	 3.043417883165112	 0.23686582579725	 0.0031394702815573067
2.1598449493429825	 3.043417883165112	 0.24524447704258379	 0.003617676326150244
2.2580197197676637	 3.043417883165112	 0.24893721228778484	 0.0034878678957836282
2.356194490192345	 3.043417883165112	 0.2595083083871132	 0.003584631277079679
2.454369260617026	 3.043417883165112	 0.2673723364379898	 0.0037459285019995387
2.552544031041707	 3.043417883165112	 0.2687517323851893	 0.0036963869609395227
2.650718801466388	 3.043417883165112	 0.27112350786591183	 0.0037484817308465735
2.748893571891069	 3.043417883165112	 0.2752844933396462	 0.0037292470198702593
2.84706834231575	 3.043417883165112	 0.27062533560552676	 0.0037892099510196584
2.945243112740431	 3.043417883165112	 0.27697069046141093	 0.003797895921558109
3.043417883165112	 3.043417883165112	 0.27845289768740145	 0.003913154767458139
3.141592653589793	 3.043417883165112	 0.27760926788520435	 0.003923220859172588

-3.141592653589793	 3.141592653589793	 0.2815175666722777	 0.0038957595960166336
-3.043417883165112	 3.141592653589793	 0.2891427968601403	 0.0040459589938837415
-2.945243112740431	 3.141592653589793	 0.2717295923443856	 0.0038860506830952044
-2.84706834231575	 3.141592653589793	 0.2790415744968095	 0.004021347235066142
-2.748893571891069	 3.141592653589793	 0.2760990384376802	 0.0037820201776868003
-2.650718801466388	 3.141592653589793	 0.2638944149476333	 0.0036019842883352787
-2.552544031041707	 3.141592653589793	 0.26406208013870835	 0.003762006195278992
-2.454369260617026	 3.141592653589793	 0.26314517884135713	 0.0036549207292796366
-2.356194490192345	 3.141592653589793	 0.25260596160430887	 0.0034901436466184795
-2.2580197197676637	 3.141592653589793	 0.24665926465229537	 0.003284090070951722
-2.1598449493429825	 3.141592653589793	 0.2357962841308541	 0.0032350080514270785
-2.061670178918302	 3.141592653589793	 0.2291620682369785	 0.0031457486676028596
-1.9634954084936207	 3.141592653589793	 0.22364693759977144	 0.0031519265261865897
-1.8653206380689396	 3.141592653589793	 0.20944057508977595	 0.00283648775992186
-1.7671458676442586	 3.141592653589793	 0.20301971918998615	 0.0027854316354605176
-1.6689710972195777	 3.141592653589793	 0.18735408747834068	 0.0026425281152890677
-1.5707963267948966	 3.141592653589793	 0.1701985953817226	 0.00243942865543433
-1.4726215563702154	 3.141592653589793	 0.16052477374014495	 0.0023301254930132953
-1.3744467859455345	 3.141592653589793	 0.1488303430381257	 0.0020146837626486567
-1.2762720155208536	 3.141592653589793	 0.1329327130884518	 0.0018137505395243478
-1.1780972450961724	 3.141592653589793	 0.11810460407643453	 0.001653868430038813
-1.0799224746714913	 3.141592653589793	 0.10335332869171626	 0.001418467060048043
-0.9817477042468103	 3.141592653589793	 0.08773211532481685	 0.0012813252345406634
-0.8835729338221293	 3.141592653589793	 0.07321762610085995	 0.0009948852931856804
-0.7853981633974483	 3.141592653589793	 0.0610596351087174	 0.000842451924650934
-0.6872233929727672	 3.141592653589793	 0.04873108496140617	 0.0007087606752042403
-0.5890486225480862	 3.141592653589793	 0.03444714064982426	 0.0004964764191559334
-0.4908738521234052	 3.141592653589793	 0.02577211418937439	 0.00036871726418269803
-0.39269908169872414	 3.141592653589793	 0.01659310249953947	 0.0002297676912842705
-0.2945243112740431	 3.141592653589793	 0.009560985631582338	 0.00013199092052510868
-0.19634954084936207	 3.141592653589793	 0.004269485737014093	 5.956696960699453e-5
-0.09817477042468103	 3.141592653589793	 0.0010803487967037454	 1.4512281575673779e-5
0.0	 3.141592653589793	 7.645718636552061e-6	 1.2641572275164188e-7
0.09817477042468103	 3.141592653589793	 0.0010803487967037454	 1.4512281575673779e-5
0.19634954084936207	 3.141592653589793	 0.004269485737014093	 5.956696960699453e-5
0.2945243112740431	 3.141592653589793	 0.009560985631582338	 0.00013199092052510868
0.39269908169872414	 3.141592653589793	 0.01659310249953947	 0.0002297676912842705
0.4908738521234052	 3.141592653589793	 0.02577211418937439	 0.00036871726418269803
0.5890486225480862	 3.141592653589793	 0.03444714064982426	 0.0004964764191559334
0.6872233929727672	 3.141592653589793	 0.04873108496140617	 0.0007087606752042403
0.7853981633974483	 3.141592653589793	 0.0610596351087174	 0.000842451924650934
0.8835729338221293	 3.141592653589793	 0.07321762610085995	 0.0009948852931856804
0.9817477042468103	 3.141592653589793	 0.08773211532481685	 0.0012813252345406634
1.0799224746714913	 3.141592653589793	 0.10335332869171626	 0.001418467060048043
1.1780972450961724	 3.141592653589793	 0.11810460407643453	 0.001653868430038813
1.2762720155208536	 3.141592653589793	 0.1329327130884518	 0.0018137505395243478
1.3744467859455345	 3.141592653589793	 0.1488303430381257	 0.0020146837626486567
1.4726215563702154	 3.141592653589793	 0.16052477374014495	 0.0023301254930132953
1.5707963267948966	 3.141592653589793	 0.1701985953817226	 0.00243942865543433
1.6689710972195777	 3.141592653589793	 0.18735408747834068	 0.0026425281152890677
1.7671458676442586	 3.141592653589793	 0.20301971918998615	 0.0027854316354605176
1.8653206380689396	 3.141592653589793	 0.20944057508977595	 0.00283648775992186
1.9634954084936207	 3.141592653589793	 0.22364693759977144	 0.0031519265261865897
2.061670178918302	 3.141592653589793	 0.2291620682369785	 0.0031457486676028596
2.1598449493429825	 3.141592653589793	 0.2357962841308541	 0.0032350080514270785
2.2580197197676637	 3.141592653589793	 0.24665926465229537	 0.003284090070951722
2.356194490192345	 3.141592653589793	 0.25260596160430887	 0.0034901436466184795
2.454369260617026	 3.141592653589793	 0.26314517884135713	 0.0036549207292796366
2.552544031041707	 3.141592653589793	 0.26406208013870835	 0.003762006195278992
2.650718801466388	 3.141592653589793	 0.2638944149476333	 0.0036019842883352787
2.748893571891069	 3.141592653589793	 0.2760990384376802	 0.0037820201776868003
2.84706834231575	 3.141592653589793	 0.2790415744968095	 0.004021347235066142
2.945243112740431	 3.141592653589793	 0.2717295923443856	 0.0038860506830952044
3.043417883165112	 3.141592653589793	 0.2891427968601403	 0.0040459589938837415
3.141592653589793	 3.141592653589793	 0.2815175666722777	 0.0038957595960166336

